身体攻击行为,打,1
身体攻击行为,伤人,1
身体攻击行为,打架,1
身体攻击行为,斗殴,1
身体攻击行为,暴力,1
身体攻击行为,好斗,1
身体攻击行为,踢打,1
身体攻击行为,伤害,1
身体攻击行为,踹,1
身体攻击行为,蹬,1
身体攻击行为,挠,1
身体攻击行为,拿东西怼,1
身体攻击行为,拿东西砸,1
身体攻击行为,掐,1
身体攻击行为,扎,1
身体攻击行为,推,1
身体攻击行为,骚扰,1
身体攻击行为,欺负,1
身体攻击行为,攻击,1
身体攻击行为,霸道,1
身体攻击行为,朝别人吐口水,1
身体攻击行为,朝同学泼开水,1
身体攻击行为,用粉笔头丢同学,1
身体攻击行为,破坏同学东西,1
身体攻击行为,撞同学,1
身体攻击行为,向同学扔东西,1
身体攻击行为,扇耳光,1
身体攻击行为,划伤,1
身体攻击行为,身体冲撞,1
身体攻击行为,殴打,1
身体攻击行为,打群架,1
身体攻击行为,推搡同学,1
身体攻击行为,言语攻击行为,0
身体攻击行为,嘲笑,0
身体攻击行为,骂人,0
身体攻击行为,言语威胁,0
身体攻击行为,吓唬,0
身体攻击行为,吵架,0
身体攻击行为,言语冲撞,0
身体攻击行为,顶撞,0
身体攻击行为,吼同学,0
身体攻击行为,言语恐吓,0
身体攻击行为,言语挑衅,0
身体攻击行为,揭短,0
身体攻击行为,言语凌辱,0
身体攻击行为,顶嘴,0
身体攻击行为,责骂,0
身体攻击行为,取笑,0
身体攻击行为,说脏话,0
身体攻击行为,抬杠,0
身体攻击行为,与父母大吵大闹,0
身体攻击行为,辱骂,0
身体攻击行为,起外号,0
身体攻击行为,嘲讽,0
身体攻击行为,关系攻击行为,0
身体攻击行为,诽谤,0
身体攻击行为,挑衅老师,0
身体攻击行为,敌视,0
身体攻击行为,漠视,0
身体攻击行为,回避,0
身体攻击行为,敌意,0
身体攻击行为,与老师对着干,0
身体攻击行为,摆脸色,0
身体攻击行为,故意不搭理,0
身体攻击行为,不听话,0
身体攻击行为,诋毁,0
身体攻击行为,对着干,0
身体攻击行为,说别人坏话,0
身体攻击行为,捉弄同学,0
身体攻击行为,说坏话,0
身体攻击行为,污蔑,0
身体攻击行为,讽刺,0
身体攻击行为,诋毁,0
身体攻击行为,挑拔,0
身体攻击行为,离间,0
身体攻击行为,孤立同学,0
打,身体攻击行为,1
打,伤人,1
打,打架,1
打,斗殴,1
打,暴力,1
打,好斗,1
打,踢打,1
打,伤害,1
打,踹,1
打,蹬,1
打,挠,1
打,拿东西怼,1
打,拿东西砸,1
打,掐,1
打,扎,1
打,推,1
打,骚扰,1
打,欺负,1
打,攻击,1
打,霸道,1
打,朝别人吐口水,1
打,朝同学泼开水,1
打,用粉笔头丢同学,1
打,破坏同学东西,1
打,撞同学,1
打,向同学扔东西,1
打,扇耳光,1
打,划伤,1
打,身体冲撞,1
打,殴打,1
打,打群架,1
打,推搡同学,1
打,言语攻击行为,0
打,嘲笑,0
打,骂人,0
打,言语威胁,0
打,吓唬,0
打,吵架,0
打,言语冲撞,0
打,顶撞,0
打,吼同学,0
打,言语恐吓,0
打,言语挑衅,0
打,揭短,0
打,言语凌辱,0
打,顶嘴,0
打,责骂,0
打,取笑,0
打,说脏话,0
打,抬杠,0
打,与父母大吵大闹,0
打,辱骂,0
打,起外号,0
打,嘲讽,0
打,关系攻击行为,0
打,诽谤,0
打,挑衅老师,0
打,敌视,0
打,漠视,0
打,回避,0
打,敌意,0
打,与老师对着干,0
打,摆脸色,0
打,故意不搭理,0
打,不听话,0
打,诋毁,0
打,对着干,0
打,说别人坏话,0
打,捉弄同学,0
打,说坏话,0
打,污蔑,0
打,讽刺,0
打,诋毁,0
打,挑拔,0
打,离间,0
打,孤立同学,0
伤人,身体攻击行为,1
伤人,打,1
伤人,打架,1
伤人,斗殴,1
伤人,暴力,1
伤人,好斗,1
伤人,踢打,1
伤人,伤害,1
伤人,踹,1
伤人,蹬,1
伤人,挠,1
伤人,拿东西怼,1
伤人,拿东西砸,1
伤人,掐,1
伤人,扎,1
伤人,推,1
伤人,骚扰,1
伤人,欺负,1
伤人,攻击,1
伤人,霸道,1
伤人,朝别人吐口水,1
伤人,朝同学泼开水,1
伤人,用粉笔头丢同学,1
伤人,破坏同学东西,1
伤人,撞同学,1
伤人,向同学扔东西,1
伤人,扇耳光,1
伤人,划伤,1
伤人,身体冲撞,1
伤人,殴打,1
伤人,打群架,1
伤人,推搡同学,1
伤人,言语攻击行为,0
伤人,嘲笑,0
伤人,骂人,0
伤人,言语威胁,0
伤人,吓唬,0
伤人,吵架,0
伤人,言语冲撞,0
伤人,顶撞,0
伤人,吼同学,0
伤人,言语恐吓,0
伤人,言语挑衅,0
伤人,揭短,0
伤人,言语凌辱,0
伤人,顶嘴,0
伤人,责骂,0
伤人,取笑,0
伤人,说脏话,0
伤人,抬杠,0
伤人,与父母大吵大闹,0
伤人,辱骂,0
伤人,起外号,0
伤人,嘲讽,0
伤人,关系攻击行为,0
伤人,诽谤,0
伤人,挑衅老师,0
伤人,敌视,0
伤人,漠视,0
伤人,回避,0
伤人,敌意,0
伤人,与老师对着干,0
伤人,摆脸色,0
伤人,故意不搭理,0
伤人,不听话,0
伤人,诋毁,0
伤人,对着干,0
伤人,说别人坏话,0
伤人,捉弄同学,0
伤人,说坏话,0
伤人,污蔑,0
伤人,讽刺,0
伤人,诋毁,0
伤人,挑拔,0
伤人,离间,0
伤人,孤立同学,0
打架,身体攻击行为,1
打架,打,1
打架,伤人,1
打架,斗殴,1
打架,暴力,1
打架,好斗,1
打架,踢打,1
打架,伤害,1
打架,踹,1
打架,蹬,1
打架,挠,1
打架,拿东西怼,1
打架,拿东西砸,1
打架,掐,1
打架,扎,1
打架,推,1
打架,骚扰,1
打架,欺负,1
打架,攻击,1
打架,霸道,1
打架,朝别人吐口水,1
打架,朝同学泼开水,1
打架,用粉笔头丢同学,1
打架,破坏同学东西,1
打架,撞同学,1
打架,向同学扔东西,1
打架,扇耳光,1
打架,划伤,1
打架,身体冲撞,1
打架,殴打,1
打架,打群架,1
打架,推搡同学,1
打架,言语攻击行为,0
打架,嘲笑,0
打架,骂人,0
打架,言语威胁,0
打架,吓唬,0
打架,吵架,0
打架,言语冲撞,0
打架,顶撞,0
打架,吼同学,0
打架,言语恐吓,0
打架,言语挑衅,0
打架,揭短,0
打架,言语凌辱,0
打架,顶嘴,0
打架,责骂,0
打架,取笑,0
打架,说脏话,0
打架,抬杠,0
打架,与父母大吵大闹,0
打架,辱骂,0
打架,起外号,0
打架,嘲讽,0
打架,关系攻击行为,0
打架,诽谤,0
打架,挑衅老师,0
打架,敌视,0
打架,漠视,0
打架,回避,0
打架,敌意,0
打架,与老师对着干,0
打架,摆脸色,0
打架,故意不搭理,0
打架,不听话,0
打架,诋毁,0
打架,对着干,0
打架,说别人坏话,0
打架,捉弄同学,0
打架,说坏话,0
打架,污蔑,0
打架,讽刺,0
打架,诋毁,0
打架,挑拔,0
打架,离间,0
打架,孤立同学,0
斗殴,身体攻击行为,1
斗殴,打,1
斗殴,伤人,1
斗殴,打架,1
斗殴,暴力,1
斗殴,好斗,1
斗殴,踢打,1
斗殴,伤害,1
斗殴,踹,1
斗殴,蹬,1
斗殴,挠,1
斗殴,拿东西怼,1
斗殴,拿东西砸,1
斗殴,掐,1
斗殴,扎,1
斗殴,推,1
斗殴,骚扰,1
斗殴,欺负,1
斗殴,攻击,1
斗殴,霸道,1
斗殴,朝别人吐口水,1
斗殴,朝同学泼开水,1
斗殴,用粉笔头丢同学,1
斗殴,破坏同学东西,1
斗殴,撞同学,1
斗殴,向同学扔东西,1
斗殴,扇耳光,1
斗殴,划伤,1
斗殴,身体冲撞,1
斗殴,殴打,1
斗殴,打群架,1
斗殴,推搡同学,1
斗殴,言语攻击行为,0
斗殴,嘲笑,0
斗殴,骂人,0
斗殴,言语威胁,0
斗殴,吓唬,0
斗殴,吵架,0
斗殴,言语冲撞,0
斗殴,顶撞,0
斗殴,吼同学,0
斗殴,言语恐吓,0
斗殴,言语挑衅,0
斗殴,揭短,0
斗殴,言语凌辱,0
斗殴,顶嘴,0
斗殴,责骂,0
斗殴,取笑,0
斗殴,说脏话,0
斗殴,抬杠,0
斗殴,与父母大吵大闹,0
斗殴,辱骂,0
斗殴,起外号,0
斗殴,嘲讽,0
斗殴,关系攻击行为,0
斗殴,诽谤,0
斗殴,挑衅老师,0
斗殴,敌视,0
斗殴,漠视,0
斗殴,回避,0
斗殴,敌意,0
斗殴,与老师对着干,0
斗殴,摆脸色,0
斗殴,故意不搭理,0
斗殴,不听话,0
斗殴,诋毁,0
斗殴,对着干,0
斗殴,说别人坏话,0
斗殴,捉弄同学,0
斗殴,说坏话,0
斗殴,污蔑,0
斗殴,讽刺,0
斗殴,诋毁,0
斗殴,挑拔,0
斗殴,离间,0
斗殴,孤立同学,0
暴力,身体攻击行为,1
暴力,打,1
暴力,伤人,1
暴力,打架,1
暴力,斗殴,1
暴力,好斗,1
暴力,踢打,1
暴力,伤害,1
暴力,踹,1
暴力,蹬,1
暴力,挠,1
暴力,拿东西怼,1
暴力,拿东西砸,1
暴力,掐,1
暴力,扎,1
暴力,推,1
暴力,骚扰,1
暴力,欺负,1
暴力,攻击,1
暴力,霸道,1
暴力,朝别人吐口水,1
暴力,朝同学泼开水,1
暴力,用粉笔头丢同学,1
暴力,破坏同学东西,1
暴力,撞同学,1
暴力,向同学扔东西,1
暴力,扇耳光,1
暴力,划伤,1
暴力,身体冲撞,1
暴力,殴打,1
暴力,打群架,1
暴力,推搡同学,1
暴力,言语攻击行为,0
暴力,嘲笑,0
暴力,骂人,0
暴力,言语威胁,0
暴力,吓唬,0
暴力,吵架,0
暴力,言语冲撞,0
暴力,顶撞,0
暴力,吼同学,0
暴力,言语恐吓,0
暴力,言语挑衅,0
暴力,揭短,0
暴力,言语凌辱,0
暴力,顶嘴,0
暴力,责骂,0
暴力,取笑,0
暴力,说脏话,0
暴力,抬杠,0
暴力,与父母大吵大闹,0
暴力,辱骂,0
暴力,起外号,0
暴力,嘲讽,0
暴力,关系攻击行为,0
暴力,诽谤,0
暴力,挑衅老师,0
暴力,敌视,0
暴力,漠视,0
暴力,回避,0
暴力,敌意,0
暴力,与老师对着干,0
暴力,摆脸色,0
暴力,故意不搭理,0
暴力,不听话,0
暴力,诋毁,0
暴力,对着干,0
暴力,说别人坏话,0
暴力,捉弄同学,0
暴力,说坏话,0
暴力,污蔑,0
暴力,讽刺,0
暴力,诋毁,0
暴力,挑拔,0
暴力,离间,0
暴力,孤立同学,0
好斗,身体攻击行为,1
好斗,打,1
好斗,伤人,1
好斗,打架,1
好斗,斗殴,1
好斗,暴力,1
好斗,踢打,1
好斗,伤害,1
好斗,踹,1
好斗,蹬,1
好斗,挠,1
好斗,拿东西怼,1
好斗,拿东西砸,1
好斗,掐,1
好斗,扎,1
好斗,推,1
好斗,骚扰,1
好斗,欺负,1
好斗,攻击,1
好斗,霸道,1
好斗,朝别人吐口水,1
好斗,朝同学泼开水,1
好斗,用粉笔头丢同学,1
好斗,破坏同学东西,1
好斗,撞同学,1
好斗,向同学扔东西,1
好斗,扇耳光,1
好斗,划伤,1
好斗,身体冲撞,1
好斗,殴打,1
好斗,打群架,1
好斗,推搡同学,1
好斗,言语攻击行为,0
好斗,嘲笑,0
好斗,骂人,0
好斗,言语威胁,0
好斗,吓唬,0
好斗,吵架,0
好斗,言语冲撞,0
好斗,顶撞,0
好斗,吼同学,0
好斗,言语恐吓,0
好斗,言语挑衅,0
好斗,揭短,0
好斗,言语凌辱,0
好斗,顶嘴,0
好斗,责骂,0
好斗,取笑,0
好斗,说脏话,0
好斗,抬杠,0
好斗,与父母大吵大闹,0
好斗,辱骂,0
好斗,起外号,0
好斗,嘲讽,0
好斗,关系攻击行为,0
好斗,诽谤,0
好斗,挑衅老师,0
好斗,敌视,0
好斗,漠视,0
好斗,回避,0
好斗,敌意,0
好斗,与老师对着干,0
好斗,摆脸色,0
好斗,故意不搭理,0
好斗,不听话,0
好斗,诋毁,0
好斗,对着干,0
好斗,说别人坏话,0
好斗,捉弄同学,0
好斗,说坏话,0
好斗,污蔑,0
好斗,讽刺,0
好斗,诋毁,0
好斗,挑拔,0
好斗,离间,0
好斗,孤立同学,0
踢打,身体攻击行为,1
踢打,打,1
踢打,伤人,1
踢打,打架,1
踢打,斗殴,1
踢打,暴力,1
踢打,好斗,1
踢打,伤害,1
踢打,踹,1
踢打,蹬,1
踢打,挠,1
踢打,拿东西怼,1
踢打,拿东西砸,1
踢打,掐,1
踢打,扎,1
踢打,推,1
踢打,骚扰,1
踢打,欺负,1
踢打,攻击,1
踢打,霸道,1
踢打,朝别人吐口水,1
踢打,朝同学泼开水,1
踢打,用粉笔头丢同学,1
踢打,破坏同学东西,1
踢打,撞同学,1
踢打,向同学扔东西,1
踢打,扇耳光,1
踢打,划伤,1
踢打,身体冲撞,1
踢打,殴打,1
踢打,打群架,1
踢打,推搡同学,1
踢打,言语攻击行为,0
踢打,嘲笑,0
踢打,骂人,0
踢打,言语威胁,0
踢打,吓唬,0
踢打,吵架,0
踢打,言语冲撞,0
踢打,顶撞,0
踢打,吼同学,0
踢打,言语恐吓,0
踢打,言语挑衅,0
踢打,揭短,0
踢打,言语凌辱,0
踢打,顶嘴,0
踢打,责骂,0
踢打,取笑,0
踢打,说脏话,0
踢打,抬杠,0
踢打,与父母大吵大闹,0
踢打,辱骂,0
踢打,起外号,0
踢打,嘲讽,0
踢打,关系攻击行为,0
踢打,诽谤,0
踢打,挑衅老师,0
踢打,敌视,0
踢打,漠视,0
踢打,回避,0
踢打,敌意,0
踢打,与老师对着干,0
踢打,摆脸色,0
踢打,故意不搭理,0
踢打,不听话,0
踢打,诋毁,0
踢打,对着干,0
踢打,说别人坏话,0
踢打,捉弄同学,0
踢打,说坏话,0
踢打,污蔑,0
踢打,讽刺,0
踢打,诋毁,0
踢打,挑拔,0
踢打,离间,0
踢打,孤立同学,0
伤害,身体攻击行为,1
伤害,打,1
伤害,伤人,1
伤害,打架,1
伤害,斗殴,1
伤害,暴力,1
伤害,好斗,1
伤害,踢打,1
伤害,踹,1
伤害,蹬,1
伤害,挠,1
伤害,拿东西怼,1
伤害,拿东西砸,1
伤害,掐,1
伤害,扎,1
伤害,推,1
伤害,骚扰,1
伤害,欺负,1
伤害,攻击,1
伤害,霸道,1
伤害,朝别人吐口水,1
伤害,朝同学泼开水,1
伤害,用粉笔头丢同学,1
伤害,破坏同学东西,1
伤害,撞同学,1
伤害,向同学扔东西,1
伤害,扇耳光,1
伤害,划伤,1
伤害,身体冲撞,1
伤害,殴打,1
伤害,打群架,1
伤害,推搡同学,1
伤害,言语攻击行为,0
伤害,嘲笑,0
伤害,骂人,0
伤害,言语威胁,0
伤害,吓唬,0
伤害,吵架,0
伤害,言语冲撞,0
伤害,顶撞,0
伤害,吼同学,0
伤害,言语恐吓,0
伤害,言语挑衅,0
伤害,揭短,0
伤害,言语凌辱,0
伤害,顶嘴,0
伤害,责骂,0
伤害,取笑,0
伤害,说脏话,0
伤害,抬杠,0
伤害,与父母大吵大闹,0
伤害,辱骂,0
伤害,起外号,0
伤害,嘲讽,0
伤害,关系攻击行为,0
伤害,诽谤,0
伤害,挑衅老师,0
伤害,敌视,0
伤害,漠视,0
伤害,回避,0
伤害,敌意,0
伤害,与老师对着干,0
伤害,摆脸色,0
伤害,故意不搭理,0
伤害,不听话,0
伤害,诋毁,0
伤害,对着干,0
伤害,说别人坏话,0
伤害,捉弄同学,0
伤害,说坏话,0
伤害,污蔑,0
伤害,讽刺,0
伤害,诋毁,0
伤害,挑拔,0
伤害,离间,0
伤害,孤立同学,0
踹,身体攻击行为,1
踹,打,1
踹,伤人,1
踹,打架,1
踹,斗殴,1
踹,暴力,1
踹,好斗,1
踹,踢打,1
踹,伤害,1
踹,蹬,1
踹,挠,1
踹,拿东西怼,1
踹,拿东西砸,1
踹,掐,1
踹,扎,1
踹,推,1
踹,骚扰,1
踹,欺负,1
踹,攻击,1
踹,霸道,1
踹,朝别人吐口水,1
踹,朝同学泼开水,1
踹,用粉笔头丢同学,1
踹,破坏同学东西,1
踹,撞同学,1
踹,向同学扔东西,1
踹,扇耳光,1
踹,划伤,1
踹,身体冲撞,1
踹,殴打,1
踹,打群架,1
踹,推搡同学,1
踹,言语攻击行为,0
踹,嘲笑,0
踹,骂人,0
踹,言语威胁,0
踹,吓唬,0
踹,吵架,0
踹,言语冲撞,0
踹,顶撞,0
踹,吼同学,0
踹,言语恐吓,0
踹,言语挑衅,0
踹,揭短,0
踹,言语凌辱,0
踹,顶嘴,0
踹,责骂,0
踹,取笑,0
踹,说脏话,0
踹,抬杠,0
踹,与父母大吵大闹,0
踹,辱骂,0
踹,起外号,0
踹,嘲讽,0
踹,关系攻击行为,0
踹,诽谤,0
踹,挑衅老师,0
踹,敌视,0
踹,漠视,0
踹,回避,0
踹,敌意,0
踹,与老师对着干,0
踹,摆脸色,0
踹,故意不搭理,0
踹,不听话,0
踹,诋毁,0
踹,对着干,0
踹,说别人坏话,0
踹,捉弄同学,0
踹,说坏话,0
踹,污蔑,0
踹,讽刺,0
踹,诋毁,0
踹,挑拔,0
踹,离间,0
踹,孤立同学,0
蹬,身体攻击行为,1
蹬,打,1
蹬,伤人,1
蹬,打架,1
蹬,斗殴,1
蹬,暴力,1
蹬,好斗,1
蹬,踢打,1
蹬,伤害,1
蹬,踹,1
蹬,挠,1
蹬,拿东西怼,1
蹬,拿东西砸,1
蹬,掐,1
蹬,扎,1
蹬,推,1
蹬,骚扰,1
蹬,欺负,1
蹬,攻击,1
蹬,霸道,1
蹬,朝别人吐口水,1
蹬,朝同学泼开水,1
蹬,用粉笔头丢同学,1
蹬,破坏同学东西,1
蹬,撞同学,1
蹬,向同学扔东西,1
蹬,扇耳光,1
蹬,划伤,1
蹬,身体冲撞,1
蹬,殴打,1
蹬,打群架,1
蹬,推搡同学,1
蹬,言语攻击行为,0
蹬,嘲笑,0
蹬,骂人,0
蹬,言语威胁,0
蹬,吓唬,0
蹬,吵架,0
蹬,言语冲撞,0
蹬,顶撞,0
蹬,吼同学,0
蹬,言语恐吓,0
蹬,言语挑衅,0
蹬,揭短,0
蹬,言语凌辱,0
蹬,顶嘴,0
蹬,责骂,0
蹬,取笑,0
蹬,说脏话,0
蹬,抬杠,0
蹬,与父母大吵大闹,0
蹬,辱骂,0
蹬,起外号,0
蹬,嘲讽,0
蹬,关系攻击行为,0
蹬,诽谤,0
蹬,挑衅老师,0
蹬,敌视,0
蹬,漠视,0
蹬,回避,0
蹬,敌意,0
蹬,与老师对着干,0
蹬,摆脸色,0
蹬,故意不搭理,0
蹬,不听话,0
蹬,诋毁,0
蹬,对着干,0
蹬,说别人坏话,0
蹬,捉弄同学,0
蹬,说坏话,0
蹬,污蔑,0
蹬,讽刺,0
蹬,诋毁,0
蹬,挑拔,0
蹬,离间,0
蹬,孤立同学,0
挠,身体攻击行为,1
挠,打,1
挠,伤人,1
挠,打架,1
挠,斗殴,1
挠,暴力,1
挠,好斗,1
挠,踢打,1
挠,伤害,1
挠,踹,1
挠,蹬,1
挠,拿东西怼,1
挠,拿东西砸,1
挠,掐,1
挠,扎,1
挠,推,1
挠,骚扰,1
挠,欺负,1
挠,攻击,1
挠,霸道,1
挠,朝别人吐口水,1
挠,朝同学泼开水,1
挠,用粉笔头丢同学,1
挠,破坏同学东西,1
挠,撞同学,1
挠,向同学扔东西,1
挠,扇耳光,1
挠,划伤,1
挠,身体冲撞,1
挠,殴打,1
挠,打群架,1
挠,推搡同学,1
挠,言语攻击行为,0
挠,嘲笑,0
挠,骂人,0
挠,言语威胁,0
挠,吓唬,0
挠,吵架,0
挠,言语冲撞,0
挠,顶撞,0
挠,吼同学,0
挠,言语恐吓,0
挠,言语挑衅,0
挠,揭短,0
挠,言语凌辱,0
挠,顶嘴,0
挠,责骂,0
挠,取笑,0
挠,说脏话,0
挠,抬杠,0
挠,与父母大吵大闹,0
挠,辱骂,0
挠,起外号,0
挠,嘲讽,0
挠,关系攻击行为,0
挠,诽谤,0
挠,挑衅老师,0
挠,敌视,0
挠,漠视,0
挠,回避,0
挠,敌意,0
挠,与老师对着干,0
挠,摆脸色,0
挠,故意不搭理,0
挠,不听话,0
挠,诋毁,0
挠,对着干,0
挠,说别人坏话,0
挠,捉弄同学,0
挠,说坏话,0
挠,污蔑,0
挠,讽刺,0
挠,诋毁,0
挠,挑拔,0
挠,离间,0
挠,孤立同学,0
拿东西怼,身体攻击行为,1
拿东西怼,打,1
拿东西怼,伤人,1
拿东西怼,打架,1
拿东西怼,斗殴,1
拿东西怼,暴力,1
拿东西怼,好斗,1
拿东西怼,踢打,1
拿东西怼,伤害,1
拿东西怼,踹,1
拿东西怼,蹬,1
拿东西怼,挠,1
拿东西怼,拿东西砸,1
拿东西怼,掐,1
拿东西怼,扎,1
拿东西怼,推,1
拿东西怼,骚扰,1
拿东西怼,欺负,1
拿东西怼,攻击,1
拿东西怼,霸道,1
拿东西怼,朝别人吐口水,1
拿东西怼,朝同学泼开水,1
拿东西怼,用粉笔头丢同学,1
拿东西怼,破坏同学东西,1
拿东西怼,撞同学,1
拿东西怼,向同学扔东西,1
拿东西怼,扇耳光,1
拿东西怼,划伤,1
拿东西怼,身体冲撞,1
拿东西怼,殴打,1
拿东西怼,打群架,1
拿东西怼,推搡同学,1
拿东西怼,言语攻击行为,0
拿东西怼,嘲笑,0
拿东西怼,骂人,0
拿东西怼,言语威胁,0
拿东西怼,吓唬,0
拿东西怼,吵架,0
拿东西怼,言语冲撞,0
拿东西怼,顶撞,0
拿东西怼,吼同学,0
拿东西怼,言语恐吓,0
拿东西怼,言语挑衅,0
拿东西怼,揭短,0
拿东西怼,言语凌辱,0
拿东西怼,顶嘴,0
拿东西怼,责骂,0
拿东西怼,取笑,0
拿东西怼,说脏话,0
拿东西怼,抬杠,0
拿东西怼,与父母大吵大闹,0
拿东西怼,辱骂,0
拿东西怼,起外号,0
拿东西怼,嘲讽,0
拿东西怼,关系攻击行为,0
拿东西怼,诽谤,0
拿东西怼,挑衅老师,0
拿东西怼,敌视,0
拿东西怼,漠视,0
拿东西怼,回避,0
拿东西怼,敌意,0
拿东西怼,与老师对着干,0
拿东西怼,摆脸色,0
拿东西怼,故意不搭理,0
拿东西怼,不听话,0
拿东西怼,诋毁,0
拿东西怼,对着干,0
拿东西怼,说别人坏话,0
拿东西怼,捉弄同学,0
拿东西怼,说坏话,0
拿东西怼,污蔑,0
拿东西怼,讽刺,0
拿东西怼,诋毁,0
拿东西怼,挑拔,0
拿东西怼,离间,0
拿东西怼,孤立同学,0
拿东西砸,身体攻击行为,1
拿东西砸,打,1
拿东西砸,伤人,1
拿东西砸,打架,1
拿东西砸,斗殴,1
拿东西砸,暴力,1
拿东西砸,好斗,1
拿东西砸,踢打,1
拿东西砸,伤害,1
拿东西砸,踹,1
拿东西砸,蹬,1
拿东西砸,挠,1
拿东西砸,拿东西怼,1
拿东西砸,掐,1
拿东西砸,扎,1
拿东西砸,推,1
拿东西砸,骚扰,1
拿东西砸,欺负,1
拿东西砸,攻击,1
拿东西砸,霸道,1
拿东西砸,朝别人吐口水,1
拿东西砸,朝同学泼开水,1
拿东西砸,用粉笔头丢同学,1
拿东西砸,破坏同学东西,1
拿东西砸,撞同学,1
拿东西砸,向同学扔东西,1
拿东西砸,扇耳光,1
拿东西砸,划伤,1
拿东西砸,身体冲撞,1
拿东西砸,殴打,1
拿东西砸,打群架,1
拿东西砸,推搡同学,1
拿东西砸,言语攻击行为,0
拿东西砸,嘲笑,0
拿东西砸,骂人,0
拿东西砸,言语威胁,0
拿东西砸,吓唬,0
拿东西砸,吵架,0
拿东西砸,言语冲撞,0
拿东西砸,顶撞,0
拿东西砸,吼同学,0
拿东西砸,言语恐吓,0
拿东西砸,言语挑衅,0
拿东西砸,揭短,0
拿东西砸,言语凌辱,0
拿东西砸,顶嘴,0
拿东西砸,责骂,0
拿东西砸,取笑,0
拿东西砸,说脏话,0
拿东西砸,抬杠,0
拿东西砸,与父母大吵大闹,0
拿东西砸,辱骂,0
拿东西砸,起外号,0
拿东西砸,嘲讽,0
拿东西砸,关系攻击行为,0
拿东西砸,诽谤,0
拿东西砸,挑衅老师,0
拿东西砸,敌视,0
拿东西砸,漠视,0
拿东西砸,回避,0
拿东西砸,敌意,0
拿东西砸,与老师对着干,0
拿东西砸,摆脸色,0
拿东西砸,故意不搭理,0
拿东西砸,不听话,0
拿东西砸,诋毁,0
拿东西砸,对着干,0
拿东西砸,说别人坏话,0
拿东西砸,捉弄同学,0
拿东西砸,说坏话,0
拿东西砸,污蔑,0
拿东西砸,讽刺,0
拿东西砸,诋毁,0
拿东西砸,挑拔,0
拿东西砸,离间,0
拿东西砸,孤立同学,0
掐,身体攻击行为,1
掐,打,1
掐,伤人,1
掐,打架,1
掐,斗殴,1
掐,暴力,1
掐,好斗,1
掐,踢打,1
掐,伤害,1
掐,踹,1
掐,蹬,1
掐,挠,1
掐,拿东西怼,1
掐,拿东西砸,1
掐,扎,1
掐,推,1
掐,骚扰,1
掐,欺负,1
掐,攻击,1
掐,霸道,1
掐,朝别人吐口水,1
掐,朝同学泼开水,1
掐,用粉笔头丢同学,1
掐,破坏同学东西,1
掐,撞同学,1
掐,向同学扔东西,1
掐,扇耳光,1
掐,划伤,1
掐,身体冲撞,1
掐,殴打,1
掐,打群架,1
掐,推搡同学,1
掐,言语攻击行为,0
掐,嘲笑,0
掐,骂人,0
掐,言语威胁,0
掐,吓唬,0
掐,吵架,0
掐,言语冲撞,0
掐,顶撞,0
掐,吼同学,0
掐,言语恐吓,0
掐,言语挑衅,0
掐,揭短,0
掐,言语凌辱,0
掐,顶嘴,0
掐,责骂,0
掐,取笑,0
掐,说脏话,0
掐,抬杠,0
掐,与父母大吵大闹,0
掐,辱骂,0
掐,起外号,0
掐,嘲讽,0
掐,关系攻击行为,0
掐,诽谤,0
掐,挑衅老师,0
掐,敌视,0
掐,漠视,0
掐,回避,0
掐,敌意,0
掐,与老师对着干,0
掐,摆脸色,0
掐,故意不搭理,0
掐,不听话,0
掐,诋毁,0
掐,对着干,0
掐,说别人坏话,0
掐,捉弄同学,0
掐,说坏话,0
掐,污蔑,0
掐,讽刺,0
掐,诋毁,0
掐,挑拔,0
掐,离间,0
掐,孤立同学,0
扎,身体攻击行为,1
扎,打,1
扎,伤人,1
扎,打架,1
扎,斗殴,1
扎,暴力,1
扎,好斗,1
扎,踢打,1
扎,伤害,1
扎,踹,1
扎,蹬,1
扎,挠,1
扎,拿东西怼,1
扎,拿东西砸,1
扎,掐,1
扎,推,1
扎,骚扰,1
扎,欺负,1
扎,攻击,1
扎,霸道,1
扎,朝别人吐口水,1
扎,朝同学泼开水,1
扎,用粉笔头丢同学,1
扎,破坏同学东西,1
扎,撞同学,1
扎,向同学扔东西,1
扎,扇耳光,1
扎,划伤,1
扎,身体冲撞,1
扎,殴打,1
扎,打群架,1
扎,推搡同学,1
扎,言语攻击行为,0
扎,嘲笑,0
扎,骂人,0
扎,言语威胁,0
扎,吓唬,0
扎,吵架,0
扎,言语冲撞,0
扎,顶撞,0
扎,吼同学,0
扎,言语恐吓,0
扎,言语挑衅,0
扎,揭短,0
扎,言语凌辱,0
扎,顶嘴,0
扎,责骂,0
扎,取笑,0
扎,说脏话,0
扎,抬杠,0
扎,与父母大吵大闹,0
扎,辱骂,0
扎,起外号,0
扎,嘲讽,0
扎,关系攻击行为,0
扎,诽谤,0
扎,挑衅老师,0
扎,敌视,0
扎,漠视,0
扎,回避,0
扎,敌意,0
扎,与老师对着干,0
扎,摆脸色,0
扎,故意不搭理,0
扎,不听话,0
扎,诋毁,0
扎,对着干,0
扎,说别人坏话,0
扎,捉弄同学,0
扎,说坏话,0
扎,污蔑,0
扎,讽刺,0
扎,诋毁,0
扎,挑拔,0
扎,离间,0
扎,孤立同学,0
推,身体攻击行为,1
推,打,1
推,伤人,1
推,打架,1
推,斗殴,1
推,暴力,1
推,好斗,1
推,踢打,1
推,伤害,1
推,踹,1
推,蹬,1
推,挠,1
推,拿东西怼,1
推,拿东西砸,1
推,掐,1
推,扎,1
推,骚扰,1
推,欺负,1
推,攻击,1
推,霸道,1
推,朝别人吐口水,1
推,朝同学泼开水,1
推,用粉笔头丢同学,1
推,破坏同学东西,1
推,撞同学,1
推,向同学扔东西,1
推,扇耳光,1
推,划伤,1
推,身体冲撞,1
推,殴打,1
推,打群架,1
推,推搡同学,1
推,言语攻击行为,0
推,嘲笑,0
推,骂人,0
推,言语威胁,0
推,吓唬,0
推,吵架,0
推,言语冲撞,0
推,顶撞,0
推,吼同学,0
推,言语恐吓,0
推,言语挑衅,0
推,揭短,0
推,言语凌辱,0
推,顶嘴,0
推,责骂,0
推,取笑,0
推,说脏话,0
推,抬杠,0
推,与父母大吵大闹,0
推,辱骂,0
推,起外号,0
推,嘲讽,0
推,关系攻击行为,0
推,诽谤,0
推,挑衅老师,0
推,敌视,0
推,漠视,0
推,回避,0
推,敌意,0
推,与老师对着干,0
推,摆脸色,0
推,故意不搭理,0
推,不听话,0
推,诋毁,0
推,对着干,0
推,说别人坏话,0
推,捉弄同学,0
推,说坏话,0
推,污蔑,0
推,讽刺,0
推,诋毁,0
推,挑拔,0
推,离间,0
推,孤立同学,0
骚扰,身体攻击行为,1
骚扰,打,1
骚扰,伤人,1
骚扰,打架,1
骚扰,斗殴,1
骚扰,暴力,1
骚扰,好斗,1
骚扰,踢打,1
骚扰,伤害,1
骚扰,踹,1
骚扰,蹬,1
骚扰,挠,1
骚扰,拿东西怼,1
骚扰,拿东西砸,1
骚扰,掐,1
骚扰,扎,1
骚扰,推,1
骚扰,欺负,1
骚扰,攻击,1
骚扰,霸道,1
骚扰,朝别人吐口水,1
骚扰,朝同学泼开水,1
骚扰,用粉笔头丢同学,1
骚扰,破坏同学东西,1
骚扰,撞同学,1
骚扰,向同学扔东西,1
骚扰,扇耳光,1
骚扰,划伤,1
骚扰,身体冲撞,1
骚扰,殴打,1
骚扰,打群架,1
骚扰,推搡同学,1
骚扰,言语攻击行为,0
骚扰,嘲笑,0
骚扰,骂人,0
骚扰,言语威胁,0
骚扰,吓唬,0
骚扰,吵架,0
骚扰,言语冲撞,0
骚扰,顶撞,0
骚扰,吼同学,0
骚扰,言语恐吓,0
骚扰,言语挑衅,0
骚扰,揭短,0
骚扰,言语凌辱,0
骚扰,顶嘴,0
骚扰,责骂,0
骚扰,取笑,0
骚扰,说脏话,0
骚扰,抬杠,0
骚扰,与父母大吵大闹,0
骚扰,辱骂,0
骚扰,起外号,0
骚扰,嘲讽,0
骚扰,关系攻击行为,0
骚扰,诽谤,0
骚扰,挑衅老师,0
骚扰,敌视,0
骚扰,漠视,0
骚扰,回避,0
骚扰,敌意,0
骚扰,与老师对着干,0
骚扰,摆脸色,0
骚扰,故意不搭理,0
骚扰,不听话,0
骚扰,诋毁,0
骚扰,对着干,0
骚扰,说别人坏话,0
骚扰,捉弄同学,0
骚扰,说坏话,0
骚扰,污蔑,0
骚扰,讽刺,0
骚扰,诋毁,0
骚扰,挑拔,0
骚扰,离间,0
骚扰,孤立同学,0
欺负,身体攻击行为,1
欺负,打,1
欺负,伤人,1
欺负,打架,1
欺负,斗殴,1
欺负,暴力,1
欺负,好斗,1
欺负,踢打,1
欺负,伤害,1
欺负,踹,1
欺负,蹬,1
欺负,挠,1
欺负,拿东西怼,1
欺负,拿东西砸,1
欺负,掐,1
欺负,扎,1
欺负,推,1
欺负,骚扰,1
欺负,攻击,1
欺负,霸道,1
欺负,朝别人吐口水,1
欺负,朝同学泼开水,1
欺负,用粉笔头丢同学,1
欺负,破坏同学东西,1
欺负,撞同学,1
欺负,向同学扔东西,1
欺负,扇耳光,1
欺负,划伤,1
欺负,身体冲撞,1
欺负,殴打,1
欺负,打群架,1
欺负,推搡同学,1
欺负,言语攻击行为,0
欺负,嘲笑,0
欺负,骂人,0
欺负,言语威胁,0
欺负,吓唬,0
欺负,吵架,0
欺负,言语冲撞,0
欺负,顶撞,0
欺负,吼同学,0
欺负,言语恐吓,0
欺负,言语挑衅,0
欺负,揭短,0
欺负,言语凌辱,0
欺负,顶嘴,0
欺负,责骂,0
欺负,取笑,0
欺负,说脏话,0
欺负,抬杠,0
欺负,与父母大吵大闹,0
欺负,辱骂,0
欺负,起外号,0
欺负,嘲讽,0
欺负,关系攻击行为,0
欺负,诽谤,0
欺负,挑衅老师,0
欺负,敌视,0
欺负,漠视,0
欺负,回避,0
欺负,敌意,0
欺负,与老师对着干,0
欺负,摆脸色,0
欺负,故意不搭理,0
欺负,不听话,0
欺负,诋毁,0
欺负,对着干,0
欺负,说别人坏话,0
欺负,捉弄同学,0
欺负,说坏话,0
欺负,污蔑,0
欺负,讽刺,0
欺负,诋毁,0
欺负,挑拔,0
欺负,离间,0
欺负,孤立同学,0
攻击,身体攻击行为,1
攻击,打,1
攻击,伤人,1
攻击,打架,1
攻击,斗殴,1
攻击,暴力,1
攻击,好斗,1
攻击,踢打,1
攻击,伤害,1
攻击,踹,1
攻击,蹬,1
攻击,挠,1
攻击,拿东西怼,1
攻击,拿东西砸,1
攻击,掐,1
攻击,扎,1
攻击,推,1
攻击,骚扰,1
攻击,欺负,1
攻击,霸道,1
攻击,朝别人吐口水,1
攻击,朝同学泼开水,1
攻击,用粉笔头丢同学,1
攻击,破坏同学东西,1
攻击,撞同学,1
攻击,向同学扔东西,1
攻击,扇耳光,1
攻击,划伤,1
攻击,身体冲撞,1
攻击,殴打,1
攻击,打群架,1
攻击,推搡同学,1
攻击,言语攻击行为,0
攻击,嘲笑,0
攻击,骂人,0
攻击,言语威胁,0
攻击,吓唬,0
攻击,吵架,0
攻击,言语冲撞,0
攻击,顶撞,0
攻击,吼同学,0
攻击,言语恐吓,0
攻击,言语挑衅,0
攻击,揭短,0
攻击,言语凌辱,0
攻击,顶嘴,0
攻击,责骂,0
攻击,取笑,0
攻击,说脏话,0
攻击,抬杠,0
攻击,与父母大吵大闹,0
攻击,辱骂,0
攻击,起外号,0
攻击,嘲讽,0
攻击,关系攻击行为,0
攻击,诽谤,0
攻击,挑衅老师,0
攻击,敌视,0
攻击,漠视,0
攻击,回避,0
攻击,敌意,0
攻击,与老师对着干,0
攻击,摆脸色,0
攻击,故意不搭理,0
攻击,不听话,0
攻击,诋毁,0
攻击,对着干,0
攻击,说别人坏话,0
攻击,捉弄同学,0
攻击,说坏话,0
攻击,污蔑,0
攻击,讽刺,0
攻击,诋毁,0
攻击,挑拔,0
攻击,离间,0
攻击,孤立同学,0
霸道,身体攻击行为,1
霸道,打,1
霸道,伤人,1
霸道,打架,1
霸道,斗殴,1
霸道,暴力,1
霸道,好斗,1
霸道,踢打,1
霸道,伤害,1
霸道,踹,1
霸道,蹬,1
霸道,挠,1
霸道,拿东西怼,1
霸道,拿东西砸,1
霸道,掐,1
霸道,扎,1
霸道,推,1
霸道,骚扰,1
霸道,欺负,1
霸道,攻击,1
霸道,朝别人吐口水,1
霸道,朝同学泼开水,1
霸道,用粉笔头丢同学,1
霸道,破坏同学东西,1
霸道,撞同学,1
霸道,向同学扔东西,1
霸道,扇耳光,1
霸道,划伤,1
霸道,身体冲撞,1
霸道,殴打,1
霸道,打群架,1
霸道,推搡同学,1
霸道,言语攻击行为,0
霸道,嘲笑,0
霸道,骂人,0
霸道,言语威胁,0
霸道,吓唬,0
霸道,吵架,0
霸道,言语冲撞,0
霸道,顶撞,0
霸道,吼同学,0
霸道,言语恐吓,0
霸道,言语挑衅,0
霸道,揭短,0
霸道,言语凌辱,0
霸道,顶嘴,0
霸道,责骂,0
霸道,取笑,0
霸道,说脏话,0
霸道,抬杠,0
霸道,与父母大吵大闹,0
霸道,辱骂,0
霸道,起外号,0
霸道,嘲讽,0
霸道,关系攻击行为,0
霸道,诽谤,0
霸道,挑衅老师,0
霸道,敌视,0
霸道,漠视,0
霸道,回避,0
霸道,敌意,0
霸道,与老师对着干,0
霸道,摆脸色,0
霸道,故意不搭理,0
霸道,不听话,0
霸道,诋毁,0
霸道,对着干,0
霸道,说别人坏话,0
霸道,捉弄同学,0
霸道,说坏话,0
霸道,污蔑,0
霸道,讽刺,0
霸道,诋毁,0
霸道,挑拔,0
霸道,离间,0
霸道,孤立同学,0
朝别人吐口水,身体攻击行为,1
朝别人吐口水,打,1
朝别人吐口水,伤人,1
朝别人吐口水,打架,1
朝别人吐口水,斗殴,1
朝别人吐口水,暴力,1
朝别人吐口水,好斗,1
朝别人吐口水,踢打,1
朝别人吐口水,伤害,1
朝别人吐口水,踹,1
朝别人吐口水,蹬,1
朝别人吐口水,挠,1
朝别人吐口水,拿东西怼,1
朝别人吐口水,拿东西砸,1
朝别人吐口水,掐,1
朝别人吐口水,扎,1
朝别人吐口水,推,1
朝别人吐口水,骚扰,1
朝别人吐口水,欺负,1
朝别人吐口水,攻击,1
朝别人吐口水,霸道,1
朝别人吐口水,朝同学泼开水,1
朝别人吐口水,用粉笔头丢同学,1
朝别人吐口水,破坏同学东西,1
朝别人吐口水,撞同学,1
朝别人吐口水,向同学扔东西,1
朝别人吐口水,扇耳光,1
朝别人吐口水,划伤,1
朝别人吐口水,身体冲撞,1
朝别人吐口水,殴打,1
朝别人吐口水,打群架,1
朝别人吐口水,推搡同学,1
朝别人吐口水,言语攻击行为,0
朝别人吐口水,嘲笑,0
朝别人吐口水,骂人,0
朝别人吐口水,言语威胁,0
朝别人吐口水,吓唬,0
朝别人吐口水,吵架,0
朝别人吐口水,言语冲撞,0
朝别人吐口水,顶撞,0
朝别人吐口水,吼同学,0
朝别人吐口水,言语恐吓,0
朝别人吐口水,言语挑衅,0
朝别人吐口水,揭短,0
朝别人吐口水,言语凌辱,0
朝别人吐口水,顶嘴,0
朝别人吐口水,责骂,0
朝别人吐口水,取笑,0
朝别人吐口水,说脏话,0
朝别人吐口水,抬杠,0
朝别人吐口水,与父母大吵大闹,0
朝别人吐口水,辱骂,0
朝别人吐口水,起外号,0
朝别人吐口水,嘲讽,0
朝别人吐口水,关系攻击行为,0
朝别人吐口水,诽谤,0
朝别人吐口水,挑衅老师,0
朝别人吐口水,敌视,0
朝别人吐口水,漠视,0
朝别人吐口水,回避,0
朝别人吐口水,敌意,0
朝别人吐口水,与老师对着干,0
朝别人吐口水,摆脸色,0
朝别人吐口水,故意不搭理,0
朝别人吐口水,不听话,0
朝别人吐口水,诋毁,0
朝别人吐口水,对着干,0
朝别人吐口水,说别人坏话,0
朝别人吐口水,捉弄同学,0
朝别人吐口水,说坏话,0
朝别人吐口水,污蔑,0
朝别人吐口水,讽刺,0
朝别人吐口水,诋毁,0
朝别人吐口水,挑拔,0
朝别人吐口水,离间,0
朝别人吐口水,孤立同学,0
朝同学泼开水,身体攻击行为,1
朝同学泼开水,打,1
朝同学泼开水,伤人,1
朝同学泼开水,打架,1
朝同学泼开水,斗殴,1
朝同学泼开水,暴力,1
朝同学泼开水,好斗,1
朝同学泼开水,踢打,1
朝同学泼开水,伤害,1
朝同学泼开水,踹,1
朝同学泼开水,蹬,1
朝同学泼开水,挠,1
朝同学泼开水,拿东西怼,1
朝同学泼开水,拿东西砸,1
朝同学泼开水,掐,1
朝同学泼开水,扎,1
朝同学泼开水,推,1
朝同学泼开水,骚扰,1
朝同学泼开水,欺负,1
朝同学泼开水,攻击,1
朝同学泼开水,霸道,1
朝同学泼开水,朝别人吐口水,1
朝同学泼开水,用粉笔头丢同学,1
朝同学泼开水,破坏同学东西,1
朝同学泼开水,撞同学,1
朝同学泼开水,向同学扔东西,1
朝同学泼开水,扇耳光,1
朝同学泼开水,划伤,1
朝同学泼开水,身体冲撞,1
朝同学泼开水,殴打,1
朝同学泼开水,打群架,1
朝同学泼开水,推搡同学,1
朝同学泼开水,言语攻击行为,0
朝同学泼开水,嘲笑,0
朝同学泼开水,骂人,0
朝同学泼开水,言语威胁,0
朝同学泼开水,吓唬,0
朝同学泼开水,吵架,0
朝同学泼开水,言语冲撞,0
朝同学泼开水,顶撞,0
朝同学泼开水,吼同学,0
朝同学泼开水,言语恐吓,0
朝同学泼开水,言语挑衅,0
朝同学泼开水,揭短,0
朝同学泼开水,言语凌辱,0
朝同学泼开水,顶嘴,0
朝同学泼开水,责骂,0
朝同学泼开水,取笑,0
朝同学泼开水,说脏话,0
朝同学泼开水,抬杠,0
朝同学泼开水,与父母大吵大闹,0
朝同学泼开水,辱骂,0
朝同学泼开水,起外号,0
朝同学泼开水,嘲讽,0
朝同学泼开水,关系攻击行为,0
朝同学泼开水,诽谤,0
朝同学泼开水,挑衅老师,0
朝同学泼开水,敌视,0
朝同学泼开水,漠视,0
朝同学泼开水,回避,0
朝同学泼开水,敌意,0
朝同学泼开水,与老师对着干,0
朝同学泼开水,摆脸色,0
朝同学泼开水,故意不搭理,0
朝同学泼开水,不听话,0
朝同学泼开水,诋毁,0
朝同学泼开水,对着干,0
朝同学泼开水,说别人坏话,0
朝同学泼开水,捉弄同学,0
朝同学泼开水,说坏话,0
朝同学泼开水,污蔑,0
朝同学泼开水,讽刺,0
朝同学泼开水,诋毁,0
朝同学泼开水,挑拔,0
朝同学泼开水,离间,0
朝同学泼开水,孤立同学,0
用粉笔头丢同学,身体攻击行为,1
用粉笔头丢同学,打,1
用粉笔头丢同学,伤人,1
用粉笔头丢同学,打架,1
用粉笔头丢同学,斗殴,1
用粉笔头丢同学,暴力,1
用粉笔头丢同学,好斗,1
用粉笔头丢同学,踢打,1
用粉笔头丢同学,伤害,1
用粉笔头丢同学,踹,1
用粉笔头丢同学,蹬,1
用粉笔头丢同学,挠,1
用粉笔头丢同学,拿东西怼,1
用粉笔头丢同学,拿东西砸,1
用粉笔头丢同学,掐,1
用粉笔头丢同学,扎,1
用粉笔头丢同学,推,1
用粉笔头丢同学,骚扰,1
用粉笔头丢同学,欺负,1
用粉笔头丢同学,攻击,1
用粉笔头丢同学,霸道,1
用粉笔头丢同学,朝别人吐口水,1
用粉笔头丢同学,朝同学泼开水,1
用粉笔头丢同学,破坏同学东西,1
用粉笔头丢同学,撞同学,1
用粉笔头丢同学,向同学扔东西,1
用粉笔头丢同学,扇耳光,1
用粉笔头丢同学,划伤,1
用粉笔头丢同学,身体冲撞,1
用粉笔头丢同学,殴打,1
用粉笔头丢同学,打群架,1
用粉笔头丢同学,推搡同学,1
用粉笔头丢同学,言语攻击行为,0
用粉笔头丢同学,嘲笑,0
用粉笔头丢同学,骂人,0
用粉笔头丢同学,言语威胁,0
用粉笔头丢同学,吓唬,0
用粉笔头丢同学,吵架,0
用粉笔头丢同学,言语冲撞,0
用粉笔头丢同学,顶撞,0
用粉笔头丢同学,吼同学,0
用粉笔头丢同学,言语恐吓,0
用粉笔头丢同学,言语挑衅,0
用粉笔头丢同学,揭短,0
用粉笔头丢同学,言语凌辱,0
用粉笔头丢同学,顶嘴,0
用粉笔头丢同学,责骂,0
用粉笔头丢同学,取笑,0
用粉笔头丢同学,说脏话,0
用粉笔头丢同学,抬杠,0
用粉笔头丢同学,与父母大吵大闹,0
用粉笔头丢同学,辱骂,0
用粉笔头丢同学,起外号,0
用粉笔头丢同学,嘲讽,0
用粉笔头丢同学,关系攻击行为,0
用粉笔头丢同学,诽谤,0
用粉笔头丢同学,挑衅老师,0
用粉笔头丢同学,敌视,0
用粉笔头丢同学,漠视,0
用粉笔头丢同学,回避,0
用粉笔头丢同学,敌意,0
用粉笔头丢同学,与老师对着干,0
用粉笔头丢同学,摆脸色,0
用粉笔头丢同学,故意不搭理,0
用粉笔头丢同学,不听话,0
用粉笔头丢同学,诋毁,0
用粉笔头丢同学,对着干,0
用粉笔头丢同学,说别人坏话,0
用粉笔头丢同学,捉弄同学,0
用粉笔头丢同学,说坏话,0
用粉笔头丢同学,污蔑,0
用粉笔头丢同学,讽刺,0
用粉笔头丢同学,诋毁,0
用粉笔头丢同学,挑拔,0
用粉笔头丢同学,离间,0
用粉笔头丢同学,孤立同学,0
破坏同学东西,身体攻击行为,1
破坏同学东西,打,1
破坏同学东西,伤人,1
破坏同学东西,打架,1
破坏同学东西,斗殴,1
破坏同学东西,暴力,1
破坏同学东西,好斗,1
破坏同学东西,踢打,1
破坏同学东西,伤害,1
破坏同学东西,踹,1
破坏同学东西,蹬,1
破坏同学东西,挠,1
破坏同学东西,拿东西怼,1
破坏同学东西,拿东西砸,1
破坏同学东西,掐,1
破坏同学东西,扎,1
破坏同学东西,推,1
破坏同学东西,骚扰,1
破坏同学东西,欺负,1
破坏同学东西,攻击,1
破坏同学东西,霸道,1
破坏同学东西,朝别人吐口水,1
破坏同学东西,朝同学泼开水,1
破坏同学东西,用粉笔头丢同学,1
破坏同学东西,撞同学,1
破坏同学东西,向同学扔东西,1
破坏同学东西,扇耳光,1
破坏同学东西,划伤,1
破坏同学东西,身体冲撞,1
破坏同学东西,殴打,1
破坏同学东西,打群架,1
破坏同学东西,推搡同学,1
破坏同学东西,言语攻击行为,0
破坏同学东西,嘲笑,0
破坏同学东西,骂人,0
破坏同学东西,言语威胁,0
破坏同学东西,吓唬,0
破坏同学东西,吵架,0
破坏同学东西,言语冲撞,0
破坏同学东西,顶撞,0
破坏同学东西,吼同学,0
破坏同学东西,言语恐吓,0
破坏同学东西,言语挑衅,0
破坏同学东西,揭短,0
破坏同学东西,言语凌辱,0
破坏同学东西,顶嘴,0
破坏同学东西,责骂,0
破坏同学东西,取笑,0
破坏同学东西,说脏话,0
破坏同学东西,抬杠,0
破坏同学东西,与父母大吵大闹,0
破坏同学东西,辱骂,0
破坏同学东西,起外号,0
破坏同学东西,嘲讽,0
破坏同学东西,关系攻击行为,0
破坏同学东西,诽谤,0
破坏同学东西,挑衅老师,0
破坏同学东西,敌视,0
破坏同学东西,漠视,0
破坏同学东西,回避,0
破坏同学东西,敌意,0
破坏同学东西,与老师对着干,0
破坏同学东西,摆脸色,0
破坏同学东西,故意不搭理,0
破坏同学东西,不听话,0
破坏同学东西,诋毁,0
破坏同学东西,对着干,0
破坏同学东西,说别人坏话,0
破坏同学东西,捉弄同学,0
破坏同学东西,说坏话,0
破坏同学东西,污蔑,0
破坏同学东西,讽刺,0
破坏同学东西,诋毁,0
破坏同学东西,挑拔,0
破坏同学东西,离间,0
破坏同学东西,孤立同学,0
撞同学,身体攻击行为,1
撞同学,打,1
撞同学,伤人,1
撞同学,打架,1
撞同学,斗殴,1
撞同学,暴力,1
撞同学,好斗,1
撞同学,踢打,1
撞同学,伤害,1
撞同学,踹,1
撞同学,蹬,1
撞同学,挠,1
撞同学,拿东西怼,1
撞同学,拿东西砸,1
撞同学,掐,1
撞同学,扎,1
撞同学,推,1
撞同学,骚扰,1
撞同学,欺负,1
撞同学,攻击,1
撞同学,霸道,1
撞同学,朝别人吐口水,1
撞同学,朝同学泼开水,1
撞同学,用粉笔头丢同学,1
撞同学,破坏同学东西,1
撞同学,向同学扔东西,1
撞同学,扇耳光,1
撞同学,划伤,1
撞同学,身体冲撞,1
撞同学,殴打,1
撞同学,打群架,1
撞同学,推搡同学,1
撞同学,言语攻击行为,0
撞同学,嘲笑,0
撞同学,骂人,0
撞同学,言语威胁,0
撞同学,吓唬,0
撞同学,吵架,0
撞同学,言语冲撞,0
撞同学,顶撞,0
撞同学,吼同学,0
撞同学,言语恐吓,0
撞同学,言语挑衅,0
撞同学,揭短,0
撞同学,言语凌辱,0
撞同学,顶嘴,0
撞同学,责骂,0
撞同学,取笑,0
撞同学,说脏话,0
撞同学,抬杠,0
撞同学,与父母大吵大闹,0
撞同学,辱骂,0
撞同学,起外号,0
撞同学,嘲讽,0
撞同学,关系攻击行为,0
撞同学,诽谤,0
撞同学,挑衅老师,0
撞同学,敌视,0
撞同学,漠视,0
撞同学,回避,0
撞同学,敌意,0
撞同学,与老师对着干,0
撞同学,摆脸色,0
撞同学,故意不搭理,0
撞同学,不听话,0
撞同学,诋毁,0
撞同学,对着干,0
撞同学,说别人坏话,0
撞同学,捉弄同学,0
撞同学,说坏话,0
撞同学,污蔑,0
撞同学,讽刺,0
撞同学,诋毁,0
撞同学,挑拔,0
撞同学,离间,0
撞同学,孤立同学,0
向同学扔东西,身体攻击行为,1
向同学扔东西,打,1
向同学扔东西,伤人,1
向同学扔东西,打架,1
向同学扔东西,斗殴,1
向同学扔东西,暴力,1
向同学扔东西,好斗,1
向同学扔东西,踢打,1
向同学扔东西,伤害,1
向同学扔东西,踹,1
向同学扔东西,蹬,1
向同学扔东西,挠,1
向同学扔东西,拿东西怼,1
向同学扔东西,拿东西砸,1
向同学扔东西,掐,1
向同学扔东西,扎,1
向同学扔东西,推,1
向同学扔东西,骚扰,1
向同学扔东西,欺负,1
向同学扔东西,攻击,1
向同学扔东西,霸道,1
向同学扔东西,朝别人吐口水,1
向同学扔东西,朝同学泼开水,1
向同学扔东西,用粉笔头丢同学,1
向同学扔东西,破坏同学东西,1
向同学扔东西,撞同学,1
向同学扔东西,扇耳光,1
向同学扔东西,划伤,1
向同学扔东西,身体冲撞,1
向同学扔东西,殴打,1
向同学扔东西,打群架,1
向同学扔东西,推搡同学,1
向同学扔东西,言语攻击行为,0
向同学扔东西,嘲笑,0
向同学扔东西,骂人,0
向同学扔东西,言语威胁,0
向同学扔东西,吓唬,0
向同学扔东西,吵架,0
向同学扔东西,言语冲撞,0
向同学扔东西,顶撞,0
向同学扔东西,吼同学,0
向同学扔东西,言语恐吓,0
向同学扔东西,言语挑衅,0
向同学扔东西,揭短,0
向同学扔东西,言语凌辱,0
向同学扔东西,顶嘴,0
向同学扔东西,责骂,0
向同学扔东西,取笑,0
向同学扔东西,说脏话,0
向同学扔东西,抬杠,0
向同学扔东西,与父母大吵大闹,0
向同学扔东西,辱骂,0
向同学扔东西,起外号,0
向同学扔东西,嘲讽,0
向同学扔东西,关系攻击行为,0
向同学扔东西,诽谤,0
向同学扔东西,挑衅老师,0
向同学扔东西,敌视,0
向同学扔东西,漠视,0
向同学扔东西,回避,0
向同学扔东西,敌意,0
向同学扔东西,与老师对着干,0
向同学扔东西,摆脸色,0
向同学扔东西,故意不搭理,0
向同学扔东西,不听话,0
向同学扔东西,诋毁,0
向同学扔东西,对着干,0
向同学扔东西,说别人坏话,0
向同学扔东西,捉弄同学,0
向同学扔东西,说坏话,0
向同学扔东西,污蔑,0
向同学扔东西,讽刺,0
向同学扔东西,诋毁,0
向同学扔东西,挑拔,0
向同学扔东西,离间,0
向同学扔东西,孤立同学,0
扇耳光,身体攻击行为,1
扇耳光,打,1
扇耳光,伤人,1
扇耳光,打架,1
扇耳光,斗殴,1
扇耳光,暴力,1
扇耳光,好斗,1
扇耳光,踢打,1
扇耳光,伤害,1
扇耳光,踹,1
扇耳光,蹬,1
扇耳光,挠,1
扇耳光,拿东西怼,1
扇耳光,拿东西砸,1
扇耳光,掐,1
扇耳光,扎,1
扇耳光,推,1
扇耳光,骚扰,1
扇耳光,欺负,1
扇耳光,攻击,1
扇耳光,霸道,1
扇耳光,朝别人吐口水,1
扇耳光,朝同学泼开水,1
扇耳光,用粉笔头丢同学,1
扇耳光,破坏同学东西,1
扇耳光,撞同学,1
扇耳光,向同学扔东西,1
扇耳光,划伤,1
扇耳光,身体冲撞,1
扇耳光,殴打,1
扇耳光,打群架,1
扇耳光,推搡同学,1
扇耳光,言语攻击行为,0
扇耳光,嘲笑,0
扇耳光,骂人,0
扇耳光,言语威胁,0
扇耳光,吓唬,0
扇耳光,吵架,0
扇耳光,言语冲撞,0
扇耳光,顶撞,0
扇耳光,吼同学,0
扇耳光,言语恐吓,0
扇耳光,言语挑衅,0
扇耳光,揭短,0
扇耳光,言语凌辱,0
扇耳光,顶嘴,0
扇耳光,责骂,0
扇耳光,取笑,0
扇耳光,说脏话,0
扇耳光,抬杠,0
扇耳光,与父母大吵大闹,0
扇耳光,辱骂,0
扇耳光,起外号,0
扇耳光,嘲讽,0
扇耳光,关系攻击行为,0
扇耳光,诽谤,0
扇耳光,挑衅老师,0
扇耳光,敌视,0
扇耳光,漠视,0
扇耳光,回避,0
扇耳光,敌意,0
扇耳光,与老师对着干,0
扇耳光,摆脸色,0
扇耳光,故意不搭理,0
扇耳光,不听话,0
扇耳光,诋毁,0
扇耳光,对着干,0
扇耳光,说别人坏话,0
扇耳光,捉弄同学,0
扇耳光,说坏话,0
扇耳光,污蔑,0
扇耳光,讽刺,0
扇耳光,诋毁,0
扇耳光,挑拔,0
扇耳光,离间,0
扇耳光,孤立同学,0
划伤,身体攻击行为,1
划伤,打,1
划伤,伤人,1
划伤,打架,1
划伤,斗殴,1
划伤,暴力,1
划伤,好斗,1
划伤,踢打,1
划伤,伤害,1
划伤,踹,1
划伤,蹬,1
划伤,挠,1
划伤,拿东西怼,1
划伤,拿东西砸,1
划伤,掐,1
划伤,扎,1
划伤,推,1
划伤,骚扰,1
划伤,欺负,1
划伤,攻击,1
划伤,霸道,1
划伤,朝别人吐口水,1
划伤,朝同学泼开水,1
划伤,用粉笔头丢同学,1
划伤,破坏同学东西,1
划伤,撞同学,1
划伤,向同学扔东西,1
划伤,扇耳光,1
划伤,身体冲撞,1
划伤,殴打,1
划伤,打群架,1
划伤,推搡同学,1
划伤,言语攻击行为,0
划伤,嘲笑,0
划伤,骂人,0
划伤,言语威胁,0
划伤,吓唬,0
划伤,吵架,0
划伤,言语冲撞,0
划伤,顶撞,0
划伤,吼同学,0
划伤,言语恐吓,0
划伤,言语挑衅,0
划伤,揭短,0
划伤,言语凌辱,0
划伤,顶嘴,0
划伤,责骂,0
划伤,取笑,0
划伤,说脏话,0
划伤,抬杠,0
划伤,与父母大吵大闹,0
划伤,辱骂,0
划伤,起外号,0
划伤,嘲讽,0
划伤,关系攻击行为,0
划伤,诽谤,0
划伤,挑衅老师,0
划伤,敌视,0
划伤,漠视,0
划伤,回避,0
划伤,敌意,0
划伤,与老师对着干,0
划伤,摆脸色,0
划伤,故意不搭理,0
划伤,不听话,0
划伤,诋毁,0
划伤,对着干,0
划伤,说别人坏话,0
划伤,捉弄同学,0
划伤,说坏话,0
划伤,污蔑,0
划伤,讽刺,0
划伤,诋毁,0
划伤,挑拔,0
划伤,离间,0
划伤,孤立同学,0
身体冲撞,身体攻击行为,1
身体冲撞,打,1
身体冲撞,伤人,1
身体冲撞,打架,1
身体冲撞,斗殴,1
身体冲撞,暴力,1
身体冲撞,好斗,1
身体冲撞,踢打,1
身体冲撞,伤害,1
身体冲撞,踹,1
身体冲撞,蹬,1
身体冲撞,挠,1
身体冲撞,拿东西怼,1
身体冲撞,拿东西砸,1
身体冲撞,掐,1
身体冲撞,扎,1
身体冲撞,推,1
身体冲撞,骚扰,1
身体冲撞,欺负,1
身体冲撞,攻击,1
身体冲撞,霸道,1
身体冲撞,朝别人吐口水,1
身体冲撞,朝同学泼开水,1
身体冲撞,用粉笔头丢同学,1
身体冲撞,破坏同学东西,1
身体冲撞,撞同学,1
身体冲撞,向同学扔东西,1
身体冲撞,扇耳光,1
身体冲撞,划伤,1
身体冲撞,殴打,1
身体冲撞,打群架,1
身体冲撞,推搡同学,1
身体冲撞,言语攻击行为,0
身体冲撞,嘲笑,0
身体冲撞,骂人,0
身体冲撞,言语威胁,0
身体冲撞,吓唬,0
身体冲撞,吵架,0
身体冲撞,言语冲撞,0
身体冲撞,顶撞,0
身体冲撞,吼同学,0
身体冲撞,言语恐吓,0
身体冲撞,言语挑衅,0
身体冲撞,揭短,0
身体冲撞,言语凌辱,0
身体冲撞,顶嘴,0
身体冲撞,责骂,0
身体冲撞,取笑,0
身体冲撞,说脏话,0
身体冲撞,抬杠,0
身体冲撞,与父母大吵大闹,0
身体冲撞,辱骂,0
身体冲撞,起外号,0
身体冲撞,嘲讽,0
身体冲撞,关系攻击行为,0
身体冲撞,诽谤,0
身体冲撞,挑衅老师,0
身体冲撞,敌视,0
身体冲撞,漠视,0
身体冲撞,回避,0
身体冲撞,敌意,0
身体冲撞,与老师对着干,0
身体冲撞,摆脸色,0
身体冲撞,故意不搭理,0
身体冲撞,不听话,0
身体冲撞,诋毁,0
身体冲撞,对着干,0
身体冲撞,说别人坏话,0
身体冲撞,捉弄同学,0
身体冲撞,说坏话,0
身体冲撞,污蔑,0
身体冲撞,讽刺,0
身体冲撞,诋毁,0
身体冲撞,挑拔,0
身体冲撞,离间,0
身体冲撞,孤立同学,0
殴打,身体攻击行为,1
殴打,打,1
殴打,伤人,1
殴打,打架,1
殴打,斗殴,1
殴打,暴力,1
殴打,好斗,1
殴打,踢打,1
殴打,伤害,1
殴打,踹,1
殴打,蹬,1
殴打,挠,1
殴打,拿东西怼,1
殴打,拿东西砸,1
殴打,掐,1
殴打,扎,1
殴打,推,1
殴打,骚扰,1
殴打,欺负,1
殴打,攻击,1
殴打,霸道,1
殴打,朝别人吐口水,1
殴打,朝同学泼开水,1
殴打,用粉笔头丢同学,1
殴打,破坏同学东西,1
殴打,撞同学,1
殴打,向同学扔东西,1
殴打,扇耳光,1
殴打,划伤,1
殴打,身体冲撞,1
殴打,打群架,1
殴打,推搡同学,1
殴打,言语攻击行为,0
殴打,嘲笑,0
殴打,骂人,0
殴打,言语威胁,0
殴打,吓唬,0
殴打,吵架,0
殴打,言语冲撞,0
殴打,顶撞,0
殴打,吼同学,0
殴打,言语恐吓,0
殴打,言语挑衅,0
殴打,揭短,0
殴打,言语凌辱,0
殴打,顶嘴,0
殴打,责骂,0
殴打,取笑,0
殴打,说脏话,0
殴打,抬杠,0
殴打,与父母大吵大闹,0
殴打,辱骂,0
殴打,起外号,0
殴打,嘲讽,0
殴打,关系攻击行为,0
殴打,诽谤,0
殴打,挑衅老师,0
殴打,敌视,0
殴打,漠视,0
殴打,回避,0
殴打,敌意,0
殴打,与老师对着干,0
殴打,摆脸色,0
殴打,故意不搭理,0
殴打,不听话,0
殴打,诋毁,0
殴打,对着干,0
殴打,说别人坏话,0
殴打,捉弄同学,0
殴打,说坏话,0
殴打,污蔑,0
殴打,讽刺,0
殴打,诋毁,0
殴打,挑拔,0
殴打,离间,0
殴打,孤立同学,0
打群架,身体攻击行为,1
打群架,打,1
打群架,伤人,1
打群架,打架,1
打群架,斗殴,1
打群架,暴力,1
打群架,好斗,1
打群架,踢打,1
打群架,伤害,1
打群架,踹,1
打群架,蹬,1
打群架,挠,1
打群架,拿东西怼,1
打群架,拿东西砸,1
打群架,掐,1
打群架,扎,1
打群架,推,1
打群架,骚扰,1
打群架,欺负,1
打群架,攻击,1
打群架,霸道,1
打群架,朝别人吐口水,1
打群架,朝同学泼开水,1
打群架,用粉笔头丢同学,1
打群架,破坏同学东西,1
打群架,撞同学,1
打群架,向同学扔东西,1
打群架,扇耳光,1
打群架,划伤,1
打群架,身体冲撞,1
打群架,殴打,1
打群架,推搡同学,1
打群架,言语攻击行为,0
打群架,嘲笑,0
打群架,骂人,0
打群架,言语威胁,0
打群架,吓唬,0
打群架,吵架,0
打群架,言语冲撞,0
打群架,顶撞,0
打群架,吼同学,0
打群架,言语恐吓,0
打群架,言语挑衅,0
打群架,揭短,0
打群架,言语凌辱,0
打群架,顶嘴,0
打群架,责骂,0
打群架,取笑,0
打群架,说脏话,0
打群架,抬杠,0
打群架,与父母大吵大闹,0
打群架,辱骂,0
打群架,起外号,0
打群架,嘲讽,0
打群架,关系攻击行为,0
打群架,诽谤,0
打群架,挑衅老师,0
打群架,敌视,0
打群架,漠视,0
打群架,回避,0
打群架,敌意,0
打群架,与老师对着干,0
打群架,摆脸色,0
打群架,故意不搭理,0
打群架,不听话,0
打群架,诋毁,0
打群架,对着干,0
打群架,说别人坏话,0
打群架,捉弄同学,0
打群架,说坏话,0
打群架,污蔑,0
打群架,讽刺,0
打群架,诋毁,0
打群架,挑拔,0
打群架,离间,0
打群架,孤立同学,0
推搡同学,身体攻击行为,1
推搡同学,打,1
推搡同学,伤人,1
推搡同学,打架,1
推搡同学,斗殴,1
推搡同学,暴力,1
推搡同学,好斗,1
推搡同学,踢打,1
推搡同学,伤害,1
推搡同学,踹,1
推搡同学,蹬,1
推搡同学,挠,1
推搡同学,拿东西怼,1
推搡同学,拿东西砸,1
推搡同学,掐,1
推搡同学,扎,1
推搡同学,推,1
推搡同学,骚扰,1
推搡同学,欺负,1
推搡同学,攻击,1
推搡同学,霸道,1
推搡同学,朝别人吐口水,1
推搡同学,朝同学泼开水,1
推搡同学,用粉笔头丢同学,1
推搡同学,破坏同学东西,1
推搡同学,撞同学,1
推搡同学,向同学扔东西,1
推搡同学,扇耳光,1
推搡同学,划伤,1
推搡同学,身体冲撞,1
推搡同学,殴打,1
推搡同学,打群架,1
推搡同学,言语攻击行为,0
推搡同学,嘲笑,0
推搡同学,骂人,0
推搡同学,言语威胁,0
推搡同学,吓唬,0
推搡同学,吵架,0
推搡同学,言语冲撞,0
推搡同学,顶撞,0
推搡同学,吼同学,0
推搡同学,言语恐吓,0
推搡同学,言语挑衅,0
推搡同学,揭短,0
推搡同学,言语凌辱,0
推搡同学,顶嘴,0
推搡同学,责骂,0
推搡同学,取笑,0
推搡同学,说脏话,0
推搡同学,抬杠,0
推搡同学,与父母大吵大闹,0
推搡同学,辱骂,0
推搡同学,起外号,0
推搡同学,嘲讽,0
推搡同学,关系攻击行为,0
推搡同学,诽谤,0
推搡同学,挑衅老师,0
推搡同学,敌视,0
推搡同学,漠视,0
推搡同学,回避,0
推搡同学,敌意,0
推搡同学,与老师对着干,0
推搡同学,摆脸色,0
推搡同学,故意不搭理,0
推搡同学,不听话,0
推搡同学,诋毁,0
推搡同学,对着干,0
推搡同学,说别人坏话,0
推搡同学,捉弄同学,0
推搡同学,说坏话,0
推搡同学,污蔑,0
推搡同学,讽刺,0
推搡同学,诋毁,0
推搡同学,挑拔,0
推搡同学,离间,0
推搡同学,孤立同学,0
言语攻击行为,身体攻击行为,0
言语攻击行为,打,0
言语攻击行为,伤人,0
言语攻击行为,打架,0
言语攻击行为,斗殴,0
言语攻击行为,暴力,0
言语攻击行为,好斗,0
言语攻击行为,踢打,0
言语攻击行为,伤害,0
言语攻击行为,踹,0
言语攻击行为,蹬,0
言语攻击行为,挠,0
言语攻击行为,拿东西怼,0
言语攻击行为,拿东西砸,0
言语攻击行为,掐,0
言语攻击行为,扎,0
言语攻击行为,推,0
言语攻击行为,骚扰,0
言语攻击行为,欺负,0
言语攻击行为,攻击,0
言语攻击行为,霸道,0
言语攻击行为,朝别人吐口水,0
言语攻击行为,朝同学泼开水,0
言语攻击行为,用粉笔头丢同学,0
言语攻击行为,破坏同学东西,0
言语攻击行为,撞同学,0
言语攻击行为,向同学扔东西,0
言语攻击行为,扇耳光,0
言语攻击行为,划伤,0
言语攻击行为,身体冲撞,0
言语攻击行为,殴打,0
言语攻击行为,打群架,0
言语攻击行为,推搡同学,0
言语攻击行为,嘲笑,1
言语攻击行为,骂人,1
言语攻击行为,言语威胁,1
言语攻击行为,吓唬,1
言语攻击行为,吵架,1
言语攻击行为,言语冲撞,1
言语攻击行为,顶撞,1
言语攻击行为,吼同学,1
言语攻击行为,言语恐吓,1
言语攻击行为,言语挑衅,1
言语攻击行为,揭短,1
言语攻击行为,言语凌辱,1
言语攻击行为,顶嘴,1
言语攻击行为,责骂,1
言语攻击行为,取笑,1
言语攻击行为,说脏话,1
言语攻击行为,抬杠,1
言语攻击行为,与父母大吵大闹,1
言语攻击行为,辱骂,1
言语攻击行为,起外号,1
言语攻击行为,嘲讽,1
言语攻击行为,关系攻击行为,0
言语攻击行为,诽谤,0
言语攻击行为,挑衅老师,0
言语攻击行为,敌视,0
言语攻击行为,漠视,0
言语攻击行为,回避,0
言语攻击行为,敌意,0
言语攻击行为,与老师对着干,0
言语攻击行为,摆脸色,0
言语攻击行为,故意不搭理,0
言语攻击行为,不听话,0
言语攻击行为,诋毁,0
言语攻击行为,对着干,0
言语攻击行为,说别人坏话,0
言语攻击行为,捉弄同学,0
言语攻击行为,说坏话,0
言语攻击行为,污蔑,0
言语攻击行为,讽刺,0
言语攻击行为,诋毁,0
言语攻击行为,挑拔,0
言语攻击行为,离间,0
言语攻击行为,孤立同学,0
嘲笑,身体攻击行为,0
嘲笑,打,0
嘲笑,伤人,0
嘲笑,打架,0
嘲笑,斗殴,0
嘲笑,暴力,0
嘲笑,好斗,0
嘲笑,踢打,0
嘲笑,伤害,0
嘲笑,踹,0
嘲笑,蹬,0
嘲笑,挠,0
嘲笑,拿东西怼,0
嘲笑,拿东西砸,0
嘲笑,掐,0
嘲笑,扎,0
嘲笑,推,0
嘲笑,骚扰,0
嘲笑,欺负,0
嘲笑,攻击,0
嘲笑,霸道,0
嘲笑,朝别人吐口水,0
嘲笑,朝同学泼开水,0
嘲笑,用粉笔头丢同学,0
嘲笑,破坏同学东西,0
嘲笑,撞同学,0
嘲笑,向同学扔东西,0
嘲笑,扇耳光,0
嘲笑,划伤,0
嘲笑,身体冲撞,0
嘲笑,殴打,0
嘲笑,打群架,0
嘲笑,推搡同学,0
嘲笑,言语攻击行为,1
嘲笑,骂人,1
嘲笑,言语威胁,1
嘲笑,吓唬,1
嘲笑,吵架,1
嘲笑,言语冲撞,1
嘲笑,顶撞,1
嘲笑,吼同学,1
嘲笑,言语恐吓,1
嘲笑,言语挑衅,1
嘲笑,揭短,1
嘲笑,言语凌辱,1
嘲笑,顶嘴,1
嘲笑,责骂,1
嘲笑,取笑,1
嘲笑,说脏话,1
嘲笑,抬杠,1
嘲笑,与父母大吵大闹,1
嘲笑,辱骂,1
嘲笑,起外号,1
嘲笑,嘲讽,1
嘲笑,关系攻击行为,0
嘲笑,诽谤,0
嘲笑,挑衅老师,0
嘲笑,敌视,0
嘲笑,漠视,0
嘲笑,回避,0
嘲笑,敌意,0
嘲笑,与老师对着干,0
嘲笑,摆脸色,0
嘲笑,故意不搭理,0
嘲笑,不听话,0
嘲笑,诋毁,0
嘲笑,对着干,0
嘲笑,说别人坏话,0
嘲笑,捉弄同学,0
嘲笑,说坏话,0
嘲笑,污蔑,0
嘲笑,讽刺,0
嘲笑,诋毁,0
嘲笑,挑拔,0
嘲笑,离间,0
嘲笑,孤立同学,0
骂人,身体攻击行为,0
骂人,打,0
骂人,伤人,0
骂人,打架,0
骂人,斗殴,0
骂人,暴力,0
骂人,好斗,0
骂人,踢打,0
骂人,伤害,0
骂人,踹,0
骂人,蹬,0
骂人,挠,0
骂人,拿东西怼,0
骂人,拿东西砸,0
骂人,掐,0
骂人,扎,0
骂人,推,0
骂人,骚扰,0
骂人,欺负,0
骂人,攻击,0
骂人,霸道,0
骂人,朝别人吐口水,0
骂人,朝同学泼开水,0
骂人,用粉笔头丢同学,0
骂人,破坏同学东西,0
骂人,撞同学,0
骂人,向同学扔东西,0
骂人,扇耳光,0
骂人,划伤,0
骂人,身体冲撞,0
骂人,殴打,0
骂人,打群架,0
骂人,推搡同学,0
骂人,言语攻击行为,1
骂人,嘲笑,1
骂人,言语威胁,1
骂人,吓唬,1
骂人,吵架,1
骂人,言语冲撞,1
骂人,顶撞,1
骂人,吼同学,1
骂人,言语恐吓,1
骂人,言语挑衅,1
骂人,揭短,1
骂人,言语凌辱,1
骂人,顶嘴,1
骂人,责骂,1
骂人,取笑,1
骂人,说脏话,1
骂人,抬杠,1
骂人,与父母大吵大闹,1
骂人,辱骂,1
骂人,起外号,1
骂人,嘲讽,1
骂人,关系攻击行为,0
骂人,诽谤,0
骂人,挑衅老师,0
骂人,敌视,0
骂人,漠视,0
骂人,回避,0
骂人,敌意,0
骂人,与老师对着干,0
骂人,摆脸色,0
骂人,故意不搭理,0
骂人,不听话,0
骂人,诋毁,0
骂人,对着干,0
骂人,说别人坏话,0
骂人,捉弄同学,0
骂人,说坏话,0
骂人,污蔑,0
骂人,讽刺,0
骂人,诋毁,0
骂人,挑拔,0
骂人,离间,0
骂人,孤立同学,0
言语威胁,身体攻击行为,0
言语威胁,打,0
言语威胁,伤人,0
言语威胁,打架,0
言语威胁,斗殴,0
言语威胁,暴力,0
言语威胁,好斗,0
言语威胁,踢打,0
言语威胁,伤害,0
言语威胁,踹,0
言语威胁,蹬,0
言语威胁,挠,0
言语威胁,拿东西怼,0
言语威胁,拿东西砸,0
言语威胁,掐,0
言语威胁,扎,0
言语威胁,推,0
言语威胁,骚扰,0
言语威胁,欺负,0
言语威胁,攻击,0
言语威胁,霸道,0
言语威胁,朝别人吐口水,0
言语威胁,朝同学泼开水,0
言语威胁,用粉笔头丢同学,0
言语威胁,破坏同学东西,0
言语威胁,撞同学,0
言语威胁,向同学扔东西,0
言语威胁,扇耳光,0
言语威胁,划伤,0
言语威胁,身体冲撞,0
言语威胁,殴打,0
言语威胁,打群架,0
言语威胁,推搡同学,0
言语威胁,言语攻击行为,1
言语威胁,嘲笑,1
言语威胁,骂人,1
言语威胁,吓唬,1
言语威胁,吵架,1
言语威胁,言语冲撞,1
言语威胁,顶撞,1
言语威胁,吼同学,1
言语威胁,言语恐吓,1
言语威胁,言语挑衅,1
言语威胁,揭短,1
言语威胁,言语凌辱,1
言语威胁,顶嘴,1
言语威胁,责骂,1
言语威胁,取笑,1
言语威胁,说脏话,1
言语威胁,抬杠,1
言语威胁,与父母大吵大闹,1
言语威胁,辱骂,1
言语威胁,起外号,1
言语威胁,嘲讽,1
言语威胁,关系攻击行为,0
言语威胁,诽谤,0
言语威胁,挑衅老师,0
言语威胁,敌视,0
言语威胁,漠视,0
言语威胁,回避,0
言语威胁,敌意,0
言语威胁,与老师对着干,0
言语威胁,摆脸色,0
言语威胁,故意不搭理,0
言语威胁,不听话,0
言语威胁,诋毁,0
言语威胁,对着干,0
言语威胁,说别人坏话,0
言语威胁,捉弄同学,0
言语威胁,说坏话,0
言语威胁,污蔑,0
言语威胁,讽刺,0
言语威胁,诋毁,0
言语威胁,挑拔,0
言语威胁,离间,0
言语威胁,孤立同学,0
吓唬,身体攻击行为,0
吓唬,打,0
吓唬,伤人,0
吓唬,打架,0
吓唬,斗殴,0
吓唬,暴力,0
吓唬,好斗,0
吓唬,踢打,0
吓唬,伤害,0
吓唬,踹,0
吓唬,蹬,0
吓唬,挠,0
吓唬,拿东西怼,0
吓唬,拿东西砸,0
吓唬,掐,0
吓唬,扎,0
吓唬,推,0
吓唬,骚扰,0
吓唬,欺负,0
吓唬,攻击,0
吓唬,霸道,0
吓唬,朝别人吐口水,0
吓唬,朝同学泼开水,0
吓唬,用粉笔头丢同学,0
吓唬,破坏同学东西,0
吓唬,撞同学,0
吓唬,向同学扔东西,0
吓唬,扇耳光,0
吓唬,划伤,0
吓唬,身体冲撞,0
吓唬,殴打,0
吓唬,打群架,0
吓唬,推搡同学,0
吓唬,言语攻击行为,1
吓唬,嘲笑,1
吓唬,骂人,1
吓唬,言语威胁,1
吓唬,吵架,1
吓唬,言语冲撞,1
吓唬,顶撞,1
吓唬,吼同学,1
吓唬,言语恐吓,1
吓唬,言语挑衅,1
吓唬,揭短,1
吓唬,言语凌辱,1
吓唬,顶嘴,1
吓唬,责骂,1
吓唬,取笑,1
吓唬,说脏话,1
吓唬,抬杠,1
吓唬,与父母大吵大闹,1
吓唬,辱骂,1
吓唬,起外号,1
吓唬,嘲讽,1
吓唬,关系攻击行为,0
吓唬,诽谤,0
吓唬,挑衅老师,0
吓唬,敌视,0
吓唬,漠视,0
吓唬,回避,0
吓唬,敌意,0
吓唬,与老师对着干,0
吓唬,摆脸色,0
吓唬,故意不搭理,0
吓唬,不听话,0
吓唬,诋毁,0
吓唬,对着干,0
吓唬,说别人坏话,0
吓唬,捉弄同学,0
吓唬,说坏话,0
吓唬,污蔑,0
吓唬,讽刺,0
吓唬,诋毁,0
吓唬,挑拔,0
吓唬,离间,0
吓唬,孤立同学,0
吵架,身体攻击行为,0
吵架,打,0
吵架,伤人,0
吵架,打架,0
吵架,斗殴,0
吵架,暴力,0
吵架,好斗,0
吵架,踢打,0
吵架,伤害,0
吵架,踹,0
吵架,蹬,0
吵架,挠,0
吵架,拿东西怼,0
吵架,拿东西砸,0
吵架,掐,0
吵架,扎,0
吵架,推,0
吵架,骚扰,0
吵架,欺负,0
吵架,攻击,0
吵架,霸道,0
吵架,朝别人吐口水,0
吵架,朝同学泼开水,0
吵架,用粉笔头丢同学,0
吵架,破坏同学东西,0
吵架,撞同学,0
吵架,向同学扔东西,0
吵架,扇耳光,0
吵架,划伤,0
吵架,身体冲撞,0
吵架,殴打,0
吵架,打群架,0
吵架,推搡同学,0
吵架,言语攻击行为,1
吵架,嘲笑,1
吵架,骂人,1
吵架,言语威胁,1
吵架,吓唬,1
吵架,言语冲撞,1
吵架,顶撞,1
吵架,吼同学,1
吵架,言语恐吓,1
吵架,言语挑衅,1
吵架,揭短,1
吵架,言语凌辱,1
吵架,顶嘴,1
吵架,责骂,1
吵架,取笑,1
吵架,说脏话,1
吵架,抬杠,1
吵架,与父母大吵大闹,1
吵架,辱骂,1
吵架,起外号,1
吵架,嘲讽,1
吵架,关系攻击行为,0
吵架,诽谤,0
吵架,挑衅老师,0
吵架,敌视,0
吵架,漠视,0
吵架,回避,0
吵架,敌意,0
吵架,与老师对着干,0
吵架,摆脸色,0
吵架,故意不搭理,0
吵架,不听话,0
吵架,诋毁,0
吵架,对着干,0
吵架,说别人坏话,0
吵架,捉弄同学,0
吵架,说坏话,0
吵架,污蔑,0
吵架,讽刺,0
吵架,诋毁,0
吵架,挑拔,0
吵架,离间,0
吵架,孤立同学,0
言语冲撞,身体攻击行为,0
言语冲撞,打,0
言语冲撞,伤人,0
言语冲撞,打架,0
言语冲撞,斗殴,0
言语冲撞,暴力,0
言语冲撞,好斗,0
言语冲撞,踢打,0
言语冲撞,伤害,0
言语冲撞,踹,0
言语冲撞,蹬,0
言语冲撞,挠,0
言语冲撞,拿东西怼,0
言语冲撞,拿东西砸,0
言语冲撞,掐,0
言语冲撞,扎,0
言语冲撞,推,0
言语冲撞,骚扰,0
言语冲撞,欺负,0
言语冲撞,攻击,0
言语冲撞,霸道,0
言语冲撞,朝别人吐口水,0
言语冲撞,朝同学泼开水,0
言语冲撞,用粉笔头丢同学,0
言语冲撞,破坏同学东西,0
言语冲撞,撞同学,0
言语冲撞,向同学扔东西,0
言语冲撞,扇耳光,0
言语冲撞,划伤,0
言语冲撞,身体冲撞,0
言语冲撞,殴打,0
言语冲撞,打群架,0
言语冲撞,推搡同学,0
言语冲撞,言语攻击行为,1
言语冲撞,嘲笑,1
言语冲撞,骂人,1
言语冲撞,言语威胁,1
言语冲撞,吓唬,1
言语冲撞,吵架,1
言语冲撞,顶撞,1
言语冲撞,吼同学,1
言语冲撞,言语恐吓,1
言语冲撞,言语挑衅,1
言语冲撞,揭短,1
言语冲撞,言语凌辱,1
言语冲撞,顶嘴,1
言语冲撞,责骂,1
言语冲撞,取笑,1
言语冲撞,说脏话,1
言语冲撞,抬杠,1
言语冲撞,与父母大吵大闹,1
言语冲撞,辱骂,1
言语冲撞,起外号,1
言语冲撞,嘲讽,1
言语冲撞,关系攻击行为,0
言语冲撞,诽谤,0
言语冲撞,挑衅老师,0
言语冲撞,敌视,0
言语冲撞,漠视,0
言语冲撞,回避,0
言语冲撞,敌意,0
言语冲撞,与老师对着干,0
言语冲撞,摆脸色,0
言语冲撞,故意不搭理,0
言语冲撞,不听话,0
言语冲撞,诋毁,0
言语冲撞,对着干,0
言语冲撞,说别人坏话,0
言语冲撞,捉弄同学,0
言语冲撞,说坏话,0
言语冲撞,污蔑,0
言语冲撞,讽刺,0
言语冲撞,诋毁,0
言语冲撞,挑拔,0
言语冲撞,离间,0
言语冲撞,孤立同学,0
顶撞,身体攻击行为,0
顶撞,打,0
顶撞,伤人,0
顶撞,打架,0
顶撞,斗殴,0
顶撞,暴力,0
顶撞,好斗,0
顶撞,踢打,0
顶撞,伤害,0
顶撞,踹,0
顶撞,蹬,0
顶撞,挠,0
顶撞,拿东西怼,0
顶撞,拿东西砸,0
顶撞,掐,0
顶撞,扎,0
顶撞,推,0
顶撞,骚扰,0
顶撞,欺负,0
顶撞,攻击,0
顶撞,霸道,0
顶撞,朝别人吐口水,0
顶撞,朝同学泼开水,0
顶撞,用粉笔头丢同学,0
顶撞,破坏同学东西,0
顶撞,撞同学,0
顶撞,向同学扔东西,0
顶撞,扇耳光,0
顶撞,划伤,0
顶撞,身体冲撞,0
顶撞,殴打,0
顶撞,打群架,0
顶撞,推搡同学,0
顶撞,言语攻击行为,1
顶撞,嘲笑,1
顶撞,骂人,1
顶撞,言语威胁,1
顶撞,吓唬,1
顶撞,吵架,1
顶撞,言语冲撞,1
顶撞,吼同学,1
顶撞,言语恐吓,1
顶撞,言语挑衅,1
顶撞,揭短,1
顶撞,言语凌辱,1
顶撞,顶嘴,1
顶撞,责骂,1
顶撞,取笑,1
顶撞,说脏话,1
顶撞,抬杠,1
顶撞,与父母大吵大闹,1
顶撞,辱骂,1
顶撞,起外号,1
顶撞,嘲讽,1
顶撞,关系攻击行为,0
顶撞,诽谤,0
顶撞,挑衅老师,0
顶撞,敌视,0
顶撞,漠视,0
顶撞,回避,0
顶撞,敌意,0
顶撞,与老师对着干,0
顶撞,摆脸色,0
顶撞,故意不搭理,0
顶撞,不听话,0
顶撞,诋毁,0
顶撞,对着干,0
顶撞,说别人坏话,0
顶撞,捉弄同学,0
顶撞,说坏话,0
顶撞,污蔑,0
顶撞,讽刺,0
顶撞,诋毁,0
顶撞,挑拔,0
顶撞,离间,0
顶撞,孤立同学,0
吼同学,身体攻击行为,0
吼同学,打,0
吼同学,伤人,0
吼同学,打架,0
吼同学,斗殴,0
吼同学,暴力,0
吼同学,好斗,0
吼同学,踢打,0
吼同学,伤害,0
吼同学,踹,0
吼同学,蹬,0
吼同学,挠,0
吼同学,拿东西怼,0
吼同学,拿东西砸,0
吼同学,掐,0
吼同学,扎,0
吼同学,推,0
吼同学,骚扰,0
吼同学,欺负,0
吼同学,攻击,0
吼同学,霸道,0
吼同学,朝别人吐口水,0
吼同学,朝同学泼开水,0
吼同学,用粉笔头丢同学,0
吼同学,破坏同学东西,0
吼同学,撞同学,0
吼同学,向同学扔东西,0
吼同学,扇耳光,0
吼同学,划伤,0
吼同学,身体冲撞,0
吼同学,殴打,0
吼同学,打群架,0
吼同学,推搡同学,0
吼同学,言语攻击行为,1
吼同学,嘲笑,1
吼同学,骂人,1
吼同学,言语威胁,1
吼同学,吓唬,1
吼同学,吵架,1
吼同学,言语冲撞,1
吼同学,顶撞,1
吼同学,言语恐吓,1
吼同学,言语挑衅,1
吼同学,揭短,1
吼同学,言语凌辱,1
吼同学,顶嘴,1
吼同学,责骂,1
吼同学,取笑,1
吼同学,说脏话,1
吼同学,抬杠,1
吼同学,与父母大吵大闹,1
吼同学,辱骂,1
吼同学,起外号,1
吼同学,嘲讽,1
吼同学,关系攻击行为,0
吼同学,诽谤,0
吼同学,挑衅老师,0
吼同学,敌视,0
吼同学,漠视,0
吼同学,回避,0
吼同学,敌意,0
吼同学,与老师对着干,0
吼同学,摆脸色,0
吼同学,故意不搭理,0
吼同学,不听话,0
吼同学,诋毁,0
吼同学,对着干,0
吼同学,说别人坏话,0
吼同学,捉弄同学,0
吼同学,说坏话,0
吼同学,污蔑,0
吼同学,讽刺,0
吼同学,诋毁,0
吼同学,挑拔,0
吼同学,离间,0
吼同学,孤立同学,0
言语恐吓,身体攻击行为,0
言语恐吓,打,0
言语恐吓,伤人,0
言语恐吓,打架,0
言语恐吓,斗殴,0
言语恐吓,暴力,0
言语恐吓,好斗,0
言语恐吓,踢打,0
言语恐吓,伤害,0
言语恐吓,踹,0
言语恐吓,蹬,0
言语恐吓,挠,0
言语恐吓,拿东西怼,0
言语恐吓,拿东西砸,0
言语恐吓,掐,0
言语恐吓,扎,0
言语恐吓,推,0
言语恐吓,骚扰,0
言语恐吓,欺负,0
言语恐吓,攻击,0
言语恐吓,霸道,0
言语恐吓,朝别人吐口水,0
言语恐吓,朝同学泼开水,0
言语恐吓,用粉笔头丢同学,0
言语恐吓,破坏同学东西,0
言语恐吓,撞同学,0
言语恐吓,向同学扔东西,0
言语恐吓,扇耳光,0
言语恐吓,划伤,0
言语恐吓,身体冲撞,0
言语恐吓,殴打,0
言语恐吓,打群架,0
言语恐吓,推搡同学,0
言语恐吓,言语攻击行为,1
言语恐吓,嘲笑,1
言语恐吓,骂人,1
言语恐吓,言语威胁,1
言语恐吓,吓唬,1
言语恐吓,吵架,1
言语恐吓,言语冲撞,1
言语恐吓,顶撞,1
言语恐吓,吼同学,1
言语恐吓,言语挑衅,1
言语恐吓,揭短,1
言语恐吓,言语凌辱,1
言语恐吓,顶嘴,1
言语恐吓,责骂,1
言语恐吓,取笑,1
言语恐吓,说脏话,1
言语恐吓,抬杠,1
言语恐吓,与父母大吵大闹,1
言语恐吓,辱骂,1
言语恐吓,起外号,1
言语恐吓,嘲讽,1
言语恐吓,关系攻击行为,0
言语恐吓,诽谤,0
言语恐吓,挑衅老师,0
言语恐吓,敌视,0
言语恐吓,漠视,0
言语恐吓,回避,0
言语恐吓,敌意,0
言语恐吓,与老师对着干,0
言语恐吓,摆脸色,0
言语恐吓,故意不搭理,0
言语恐吓,不听话,0
言语恐吓,诋毁,0
言语恐吓,对着干,0
言语恐吓,说别人坏话,0
言语恐吓,捉弄同学,0
言语恐吓,说坏话,0
言语恐吓,污蔑,0
言语恐吓,讽刺,0
言语恐吓,诋毁,0
言语恐吓,挑拔,0
言语恐吓,离间,0
言语恐吓,孤立同学,0
言语挑衅,身体攻击行为,0
言语挑衅,打,0
言语挑衅,伤人,0
言语挑衅,打架,0
言语挑衅,斗殴,0
言语挑衅,暴力,0
言语挑衅,好斗,0
言语挑衅,踢打,0
言语挑衅,伤害,0
言语挑衅,踹,0
言语挑衅,蹬,0
言语挑衅,挠,0
言语挑衅,拿东西怼,0
言语挑衅,拿东西砸,0
言语挑衅,掐,0
言语挑衅,扎,0
言语挑衅,推,0
言语挑衅,骚扰,0
言语挑衅,欺负,0
言语挑衅,攻击,0
言语挑衅,霸道,0
言语挑衅,朝别人吐口水,0
言语挑衅,朝同学泼开水,0
言语挑衅,用粉笔头丢同学,0
言语挑衅,破坏同学东西,0
言语挑衅,撞同学,0
言语挑衅,向同学扔东西,0
言语挑衅,扇耳光,0
言语挑衅,划伤,0
言语挑衅,身体冲撞,0
言语挑衅,殴打,0
言语挑衅,打群架,0
言语挑衅,推搡同学,0
言语挑衅,言语攻击行为,1
言语挑衅,嘲笑,1
言语挑衅,骂人,1
言语挑衅,言语威胁,1
言语挑衅,吓唬,1
言语挑衅,吵架,1
言语挑衅,言语冲撞,1
言语挑衅,顶撞,1
言语挑衅,吼同学,1
言语挑衅,言语恐吓,1
言语挑衅,揭短,1
言语挑衅,言语凌辱,1
言语挑衅,顶嘴,1
言语挑衅,责骂,1
言语挑衅,取笑,1
言语挑衅,说脏话,1
言语挑衅,抬杠,1
言语挑衅,与父母大吵大闹,1
言语挑衅,辱骂,1
言语挑衅,起外号,1
言语挑衅,嘲讽,1
言语挑衅,关系攻击行为,0
言语挑衅,诽谤,0
言语挑衅,挑衅老师,0
言语挑衅,敌视,0
言语挑衅,漠视,0
言语挑衅,回避,0
言语挑衅,敌意,0
言语挑衅,与老师对着干,0
言语挑衅,摆脸色,0
言语挑衅,故意不搭理,0
言语挑衅,不听话,0
言语挑衅,诋毁,0
言语挑衅,对着干,0
言语挑衅,说别人坏话,0
言语挑衅,捉弄同学,0
言语挑衅,说坏话,0
言语挑衅,污蔑,0
言语挑衅,讽刺,0
言语挑衅,诋毁,0
言语挑衅,挑拔,0
言语挑衅,离间,0
言语挑衅,孤立同学,0
揭短,身体攻击行为,0
揭短,打,0
揭短,伤人,0
揭短,打架,0
揭短,斗殴,0
揭短,暴力,0
揭短,好斗,0
揭短,踢打,0
揭短,伤害,0
揭短,踹,0
揭短,蹬,0
揭短,挠,0
揭短,拿东西怼,0
揭短,拿东西砸,0
揭短,掐,0
揭短,扎,0
揭短,推,0
揭短,骚扰,0
揭短,欺负,0
揭短,攻击,0
揭短,霸道,0
揭短,朝别人吐口水,0
揭短,朝同学泼开水,0
揭短,用粉笔头丢同学,0
揭短,破坏同学东西,0
揭短,撞同学,0
揭短,向同学扔东西,0
揭短,扇耳光,0
揭短,划伤,0
揭短,身体冲撞,0
揭短,殴打,0
揭短,打群架,0
揭短,推搡同学,0
揭短,言语攻击行为,1
揭短,嘲笑,1
揭短,骂人,1
揭短,言语威胁,1
揭短,吓唬,1
揭短,吵架,1
揭短,言语冲撞,1
揭短,顶撞,1
揭短,吼同学,1
揭短,言语恐吓,1
揭短,言语挑衅,1
揭短,言语凌辱,1
揭短,顶嘴,1
揭短,责骂,1
揭短,取笑,1
揭短,说脏话,1
揭短,抬杠,1
揭短,与父母大吵大闹,1
揭短,辱骂,1
揭短,起外号,1
揭短,嘲讽,1
揭短,关系攻击行为,0
揭短,诽谤,0
揭短,挑衅老师,0
揭短,敌视,0
揭短,漠视,0
揭短,回避,0
揭短,敌意,0
揭短,与老师对着干,0
揭短,摆脸色,0
揭短,故意不搭理,0
揭短,不听话,0
揭短,诋毁,0
揭短,对着干,0
揭短,说别人坏话,0
揭短,捉弄同学,0
揭短,说坏话,0
揭短,污蔑,0
揭短,讽刺,0
揭短,诋毁,0
揭短,挑拔,0
揭短,离间,0
揭短,孤立同学,0
言语凌辱,身体攻击行为,0
言语凌辱,打,0
言语凌辱,伤人,0
言语凌辱,打架,0
言语凌辱,斗殴,0
言语凌辱,暴力,0
言语凌辱,好斗,0
言语凌辱,踢打,0
言语凌辱,伤害,0
言语凌辱,踹,0
言语凌辱,蹬,0
言语凌辱,挠,0
言语凌辱,拿东西怼,0
言语凌辱,拿东西砸,0
言语凌辱,掐,0
言语凌辱,扎,0
言语凌辱,推,0
言语凌辱,骚扰,0
言语凌辱,欺负,0
言语凌辱,攻击,0
言语凌辱,霸道,0
言语凌辱,朝别人吐口水,0
言语凌辱,朝同学泼开水,0
言语凌辱,用粉笔头丢同学,0
言语凌辱,破坏同学东西,0
言语凌辱,撞同学,0
言语凌辱,向同学扔东西,0
言语凌辱,扇耳光,0
言语凌辱,划伤,0
言语凌辱,身体冲撞,0
言语凌辱,殴打,0
言语凌辱,打群架,0
言语凌辱,推搡同学,0
言语凌辱,言语攻击行为,1
言语凌辱,嘲笑,1
言语凌辱,骂人,1
言语凌辱,言语威胁,1
言语凌辱,吓唬,1
言语凌辱,吵架,1
言语凌辱,言语冲撞,1
言语凌辱,顶撞,1
言语凌辱,吼同学,1
言语凌辱,言语恐吓,1
言语凌辱,言语挑衅,1
言语凌辱,揭短,1
言语凌辱,顶嘴,1
言语凌辱,责骂,1
言语凌辱,取笑,1
言语凌辱,说脏话,1
言语凌辱,抬杠,1
言语凌辱,与父母大吵大闹,1
言语凌辱,辱骂,1
言语凌辱,起外号,1
言语凌辱,嘲讽,1
言语凌辱,关系攻击行为,0
言语凌辱,诽谤,0
言语凌辱,挑衅老师,0
言语凌辱,敌视,0
言语凌辱,漠视,0
言语凌辱,回避,0
言语凌辱,敌意,0
言语凌辱,与老师对着干,0
言语凌辱,摆脸色,0
言语凌辱,故意不搭理,0
言语凌辱,不听话,0
言语凌辱,诋毁,0
言语凌辱,对着干,0
言语凌辱,说别人坏话,0
言语凌辱,捉弄同学,0
言语凌辱,说坏话,0
言语凌辱,污蔑,0
言语凌辱,讽刺,0
言语凌辱,诋毁,0
言语凌辱,挑拔,0
言语凌辱,离间,0
言语凌辱,孤立同学,0
顶嘴,身体攻击行为,0
顶嘴,打,0
顶嘴,伤人,0
顶嘴,打架,0
顶嘴,斗殴,0
顶嘴,暴力,0
顶嘴,好斗,0
顶嘴,踢打,0
顶嘴,伤害,0
顶嘴,踹,0
顶嘴,蹬,0
顶嘴,挠,0
顶嘴,拿东西怼,0
顶嘴,拿东西砸,0
顶嘴,掐,0
顶嘴,扎,0
顶嘴,推,0
顶嘴,骚扰,0
顶嘴,欺负,0
顶嘴,攻击,0
顶嘴,霸道,0
顶嘴,朝别人吐口水,0
顶嘴,朝同学泼开水,0
顶嘴,用粉笔头丢同学,0
顶嘴,破坏同学东西,0
顶嘴,撞同学,0
顶嘴,向同学扔东西,0
顶嘴,扇耳光,0
顶嘴,划伤,0
顶嘴,身体冲撞,0
顶嘴,殴打,0
顶嘴,打群架,0
顶嘴,推搡同学,0
顶嘴,言语攻击行为,1
顶嘴,嘲笑,1
顶嘴,骂人,1
顶嘴,言语威胁,1
顶嘴,吓唬,1
顶嘴,吵架,1
顶嘴,言语冲撞,1
顶嘴,顶撞,1
顶嘴,吼同学,1
顶嘴,言语恐吓,1
顶嘴,言语挑衅,1
顶嘴,揭短,1
顶嘴,言语凌辱,1
顶嘴,责骂,1
顶嘴,取笑,1
顶嘴,说脏话,1
顶嘴,抬杠,1
顶嘴,与父母大吵大闹,1
顶嘴,辱骂,1
顶嘴,起外号,1
顶嘴,嘲讽,1
顶嘴,关系攻击行为,0
顶嘴,诽谤,0
顶嘴,挑衅老师,0
顶嘴,敌视,0
顶嘴,漠视,0
顶嘴,回避,0
顶嘴,敌意,0
顶嘴,与老师对着干,0
顶嘴,摆脸色,0
顶嘴,故意不搭理,0
顶嘴,不听话,0
顶嘴,诋毁,0
顶嘴,对着干,0
顶嘴,说别人坏话,0
顶嘴,捉弄同学,0
顶嘴,说坏话,0
顶嘴,污蔑,0
顶嘴,讽刺,0
顶嘴,诋毁,0
顶嘴,挑拔,0
顶嘴,离间,0
顶嘴,孤立同学,0
责骂,身体攻击行为,0
责骂,打,0
责骂,伤人,0
责骂,打架,0
责骂,斗殴,0
责骂,暴力,0
责骂,好斗,0
责骂,踢打,0
责骂,伤害,0
责骂,踹,0
责骂,蹬,0
责骂,挠,0
责骂,拿东西怼,0
责骂,拿东西砸,0
责骂,掐,0
责骂,扎,0
责骂,推,0
责骂,骚扰,0
责骂,欺负,0
责骂,攻击,0
责骂,霸道,0
责骂,朝别人吐口水,0
责骂,朝同学泼开水,0
责骂,用粉笔头丢同学,0
责骂,破坏同学东西,0
责骂,撞同学,0
责骂,向同学扔东西,0
责骂,扇耳光,0
责骂,划伤,0
责骂,身体冲撞,0
责骂,殴打,0
责骂,打群架,0
责骂,推搡同学,0
责骂,言语攻击行为,1
责骂,嘲笑,1
责骂,骂人,1
责骂,言语威胁,1
责骂,吓唬,1
责骂,吵架,1
责骂,言语冲撞,1
责骂,顶撞,1
责骂,吼同学,1
责骂,言语恐吓,1
责骂,言语挑衅,1
责骂,揭短,1
责骂,言语凌辱,1
责骂,顶嘴,1
责骂,取笑,1
责骂,说脏话,1
责骂,抬杠,1
责骂,与父母大吵大闹,1
责骂,辱骂,1
责骂,起外号,1
责骂,嘲讽,1
责骂,关系攻击行为,0
责骂,诽谤,0
责骂,挑衅老师,0
责骂,敌视,0
责骂,漠视,0
责骂,回避,0
责骂,敌意,0
责骂,与老师对着干,0
责骂,摆脸色,0
责骂,故意不搭理,0
责骂,不听话,0
责骂,诋毁,0
责骂,对着干,0
责骂,说别人坏话,0
责骂,捉弄同学,0
责骂,说坏话,0
责骂,污蔑,0
责骂,讽刺,0
责骂,诋毁,0
责骂,挑拔,0
责骂,离间,0
责骂,孤立同学,0
取笑,身体攻击行为,0
取笑,打,0
取笑,伤人,0
取笑,打架,0
取笑,斗殴,0
取笑,暴力,0
取笑,好斗,0
取笑,踢打,0
取笑,伤害,0
取笑,踹,0
取笑,蹬,0
取笑,挠,0
取笑,拿东西怼,0
取笑,拿东西砸,0
取笑,掐,0
取笑,扎,0
取笑,推,0
取笑,骚扰,0
取笑,欺负,0
取笑,攻击,0
取笑,霸道,0
取笑,朝别人吐口水,0
取笑,朝同学泼开水,0
取笑,用粉笔头丢同学,0
取笑,破坏同学东西,0
取笑,撞同学,0
取笑,向同学扔东西,0
取笑,扇耳光,0
取笑,划伤,0
取笑,身体冲撞,0
取笑,殴打,0
取笑,打群架,0
取笑,推搡同学,0
取笑,言语攻击行为,1
取笑,嘲笑,1
取笑,骂人,1
取笑,言语威胁,1
取笑,吓唬,1
取笑,吵架,1
取笑,言语冲撞,1
取笑,顶撞,1
取笑,吼同学,1
取笑,言语恐吓,1
取笑,言语挑衅,1
取笑,揭短,1
取笑,言语凌辱,1
取笑,顶嘴,1
取笑,责骂,1
取笑,说脏话,1
取笑,抬杠,1
取笑,与父母大吵大闹,1
取笑,辱骂,1
取笑,起外号,1
取笑,嘲讽,1
取笑,关系攻击行为,0
取笑,诽谤,0
取笑,挑衅老师,0
取笑,敌视,0
取笑,漠视,0
取笑,回避,0
取笑,敌意,0
取笑,与老师对着干,0
取笑,摆脸色,0
取笑,故意不搭理,0
取笑,不听话,0
取笑,诋毁,0
取笑,对着干,0
取笑,说别人坏话,0
取笑,捉弄同学,0
取笑,说坏话,0
取笑,污蔑,0
取笑,讽刺,0
取笑,诋毁,0
取笑,挑拔,0
取笑,离间,0
取笑,孤立同学,0
说脏话,身体攻击行为,0
说脏话,打,0
说脏话,伤人,0
说脏话,打架,0
说脏话,斗殴,0
说脏话,暴力,0
说脏话,好斗,0
说脏话,踢打,0
说脏话,伤害,0
说脏话,踹,0
说脏话,蹬,0
说脏话,挠,0
说脏话,拿东西怼,0
说脏话,拿东西砸,0
说脏话,掐,0
说脏话,扎,0
说脏话,推,0
说脏话,骚扰,0
说脏话,欺负,0
说脏话,攻击,0
说脏话,霸道,0
说脏话,朝别人吐口水,0
说脏话,朝同学泼开水,0
说脏话,用粉笔头丢同学,0
说脏话,破坏同学东西,0
说脏话,撞同学,0
说脏话,向同学扔东西,0
说脏话,扇耳光,0
说脏话,划伤,0
说脏话,身体冲撞,0
说脏话,殴打,0
说脏话,打群架,0
说脏话,推搡同学,0
说脏话,言语攻击行为,1
说脏话,嘲笑,1
说脏话,骂人,1
说脏话,言语威胁,1
说脏话,吓唬,1
说脏话,吵架,1
说脏话,言语冲撞,1
说脏话,顶撞,1
说脏话,吼同学,1
说脏话,言语恐吓,1
说脏话,言语挑衅,1
说脏话,揭短,1
说脏话,言语凌辱,1
说脏话,顶嘴,1
说脏话,责骂,1
说脏话,取笑,1
说脏话,抬杠,1
说脏话,与父母大吵大闹,1
说脏话,辱骂,1
说脏话,起外号,1
说脏话,嘲讽,1
说脏话,关系攻击行为,0
说脏话,诽谤,0
说脏话,挑衅老师,0
说脏话,敌视,0
说脏话,漠视,0
说脏话,回避,0
说脏话,敌意,0
说脏话,与老师对着干,0
说脏话,摆脸色,0
说脏话,故意不搭理,0
说脏话,不听话,0
说脏话,诋毁,0
说脏话,对着干,0
说脏话,说别人坏话,0
说脏话,捉弄同学,0
说脏话,说坏话,0
说脏话,污蔑,0
说脏话,讽刺,0
说脏话,诋毁,0
说脏话,挑拔,0
说脏话,离间,0
说脏话,孤立同学,0
抬杠,身体攻击行为,0
抬杠,打,0
抬杠,伤人,0
抬杠,打架,0
抬杠,斗殴,0
抬杠,暴力,0
抬杠,好斗,0
抬杠,踢打,0
抬杠,伤害,0
抬杠,踹,0
抬杠,蹬,0
抬杠,挠,0
抬杠,拿东西怼,0
抬杠,拿东西砸,0
抬杠,掐,0
抬杠,扎,0
抬杠,推,0
抬杠,骚扰,0
抬杠,欺负,0
抬杠,攻击,0
抬杠,霸道,0
抬杠,朝别人吐口水,0
抬杠,朝同学泼开水,0
抬杠,用粉笔头丢同学,0
抬杠,破坏同学东西,0
抬杠,撞同学,0
抬杠,向同学扔东西,0
抬杠,扇耳光,0
抬杠,划伤,0
抬杠,身体冲撞,0
抬杠,殴打,0
抬杠,打群架,0
抬杠,推搡同学,0
抬杠,言语攻击行为,1
抬杠,嘲笑,1
抬杠,骂人,1
抬杠,言语威胁,1
抬杠,吓唬,1
抬杠,吵架,1
抬杠,言语冲撞,1
抬杠,顶撞,1
抬杠,吼同学,1
抬杠,言语恐吓,1
抬杠,言语挑衅,1
抬杠,揭短,1
抬杠,言语凌辱,1
抬杠,顶嘴,1
抬杠,责骂,1
抬杠,取笑,1
抬杠,说脏话,1
抬杠,与父母大吵大闹,1
抬杠,辱骂,1
抬杠,起外号,1
抬杠,嘲讽,1
抬杠,关系攻击行为,0
抬杠,诽谤,0
抬杠,挑衅老师,0
抬杠,敌视,0
抬杠,漠视,0
抬杠,回避,0
抬杠,敌意,0
抬杠,与老师对着干,0
抬杠,摆脸色,0
抬杠,故意不搭理,0
抬杠,不听话,0
抬杠,诋毁,0
抬杠,对着干,0
抬杠,说别人坏话,0
抬杠,捉弄同学,0
抬杠,说坏话,0
抬杠,污蔑,0
抬杠,讽刺,0
抬杠,诋毁,0
抬杠,挑拔,0
抬杠,离间,0
抬杠,孤立同学,0
与父母大吵大闹,身体攻击行为,0
与父母大吵大闹,打,0
与父母大吵大闹,伤人,0
与父母大吵大闹,打架,0
与父母大吵大闹,斗殴,0
与父母大吵大闹,暴力,0
与父母大吵大闹,好斗,0
与父母大吵大闹,踢打,0
与父母大吵大闹,伤害,0
与父母大吵大闹,踹,0
与父母大吵大闹,蹬,0
与父母大吵大闹,挠,0
与父母大吵大闹,拿东西怼,0
与父母大吵大闹,拿东西砸,0
与父母大吵大闹,掐,0
与父母大吵大闹,扎,0
与父母大吵大闹,推,0
与父母大吵大闹,骚扰,0
与父母大吵大闹,欺负,0
与父母大吵大闹,攻击,0
与父母大吵大闹,霸道,0
与父母大吵大闹,朝别人吐口水,0
与父母大吵大闹,朝同学泼开水,0
与父母大吵大闹,用粉笔头丢同学,0
与父母大吵大闹,破坏同学东西,0
与父母大吵大闹,撞同学,0
与父母大吵大闹,向同学扔东西,0
与父母大吵大闹,扇耳光,0
与父母大吵大闹,划伤,0
与父母大吵大闹,身体冲撞,0
与父母大吵大闹,殴打,0
与父母大吵大闹,打群架,0
与父母大吵大闹,推搡同学,0
与父母大吵大闹,言语攻击行为,1
与父母大吵大闹,嘲笑,1
与父母大吵大闹,骂人,1
与父母大吵大闹,言语威胁,1
与父母大吵大闹,吓唬,1
与父母大吵大闹,吵架,1
与父母大吵大闹,言语冲撞,1
与父母大吵大闹,顶撞,1
与父母大吵大闹,吼同学,1
与父母大吵大闹,言语恐吓,1
与父母大吵大闹,言语挑衅,1
与父母大吵大闹,揭短,1
与父母大吵大闹,言语凌辱,1
与父母大吵大闹,顶嘴,1
与父母大吵大闹,责骂,1
与父母大吵大闹,取笑,1
与父母大吵大闹,说脏话,1
与父母大吵大闹,抬杠,1
与父母大吵大闹,辱骂,1
与父母大吵大闹,起外号,1
与父母大吵大闹,嘲讽,1
与父母大吵大闹,关系攻击行为,0
与父母大吵大闹,诽谤,0
与父母大吵大闹,挑衅老师,0
与父母大吵大闹,敌视,0
与父母大吵大闹,漠视,0
与父母大吵大闹,回避,0
与父母大吵大闹,敌意,0
与父母大吵大闹,与老师对着干,0
与父母大吵大闹,摆脸色,0
与父母大吵大闹,故意不搭理,0
与父母大吵大闹,不听话,0
与父母大吵大闹,诋毁,0
与父母大吵大闹,对着干,0
与父母大吵大闹,说别人坏话,0
与父母大吵大闹,捉弄同学,0
与父母大吵大闹,说坏话,0
与父母大吵大闹,污蔑,0
与父母大吵大闹,讽刺,0
与父母大吵大闹,诋毁,0
与父母大吵大闹,挑拔,0
与父母大吵大闹,离间,0
与父母大吵大闹,孤立同学,0
辱骂,身体攻击行为,0
辱骂,打,0
辱骂,伤人,0
辱骂,打架,0
辱骂,斗殴,0
辱骂,暴力,0
辱骂,好斗,0
辱骂,踢打,0
辱骂,伤害,0
辱骂,踹,0
辱骂,蹬,0
辱骂,挠,0
辱骂,拿东西怼,0
辱骂,拿东西砸,0
辱骂,掐,0
辱骂,扎,0
辱骂,推,0
辱骂,骚扰,0
辱骂,欺负,0
辱骂,攻击,0
辱骂,霸道,0
辱骂,朝别人吐口水,0
辱骂,朝同学泼开水,0
辱骂,用粉笔头丢同学,0
辱骂,破坏同学东西,0
辱骂,撞同学,0
辱骂,向同学扔东西,0
辱骂,扇耳光,0
辱骂,划伤,0
辱骂,身体冲撞,0
辱骂,殴打,0
辱骂,打群架,0
辱骂,推搡同学,0
辱骂,言语攻击行为,1
辱骂,嘲笑,1
辱骂,骂人,1
辱骂,言语威胁,1
辱骂,吓唬,1
辱骂,吵架,1
辱骂,言语冲撞,1
辱骂,顶撞,1
辱骂,吼同学,1
辱骂,言语恐吓,1
辱骂,言语挑衅,1
辱骂,揭短,1
辱骂,言语凌辱,1
辱骂,顶嘴,1
辱骂,责骂,1
辱骂,取笑,1
辱骂,说脏话,1
辱骂,抬杠,1
辱骂,与父母大吵大闹,1
辱骂,起外号,1
辱骂,嘲讽,1
辱骂,关系攻击行为,0
辱骂,诽谤,0
辱骂,挑衅老师,0
辱骂,敌视,0
辱骂,漠视,0
辱骂,回避,0
辱骂,敌意,0
辱骂,与老师对着干,0
辱骂,摆脸色,0
辱骂,故意不搭理,0
辱骂,不听话,0
辱骂,诋毁,0
辱骂,对着干,0
辱骂,说别人坏话,0
辱骂,捉弄同学,0
辱骂,说坏话,0
辱骂,污蔑,0
辱骂,讽刺,0
辱骂,诋毁,0
辱骂,挑拔,0
辱骂,离间,0
辱骂,孤立同学,0
起外号,身体攻击行为,0
起外号,打,0
起外号,伤人,0
起外号,打架,0
起外号,斗殴,0
起外号,暴力,0
起外号,好斗,0
起外号,踢打,0
起外号,伤害,0
起外号,踹,0
起外号,蹬,0
起外号,挠,0
起外号,拿东西怼,0
起外号,拿东西砸,0
起外号,掐,0
起外号,扎,0
起外号,推,0
起外号,骚扰,0
起外号,欺负,0
起外号,攻击,0
起外号,霸道,0
起外号,朝别人吐口水,0
起外号,朝同学泼开水,0
起外号,用粉笔头丢同学,0
起外号,破坏同学东西,0
起外号,撞同学,0
起外号,向同学扔东西,0
起外号,扇耳光,0
起外号,划伤,0
起外号,身体冲撞,0
起外号,殴打,0
起外号,打群架,0
起外号,推搡同学,0
起外号,言语攻击行为,1
起外号,嘲笑,1
起外号,骂人,1
起外号,言语威胁,1
起外号,吓唬,1
起外号,吵架,1
起外号,言语冲撞,1
起外号,顶撞,1
起外号,吼同学,1
起外号,言语恐吓,1
起外号,言语挑衅,1
起外号,揭短,1
起外号,言语凌辱,1
起外号,顶嘴,1
起外号,责骂,1
起外号,取笑,1
起外号,说脏话,1
起外号,抬杠,1
起外号,与父母大吵大闹,1
起外号,辱骂,1
起外号,嘲讽,1
起外号,关系攻击行为,0
起外号,诽谤,0
起外号,挑衅老师,0
起外号,敌视,0
起外号,漠视,0
起外号,回避,0
起外号,敌意,0
起外号,与老师对着干,0
起外号,摆脸色,0
起外号,故意不搭理,0
起外号,不听话,0
起外号,诋毁,0
起外号,对着干,0
起外号,说别人坏话,0
起外号,捉弄同学,0
起外号,说坏话,0
起外号,污蔑,0
起外号,讽刺,0
起外号,诋毁,0
起外号,挑拔,0
起外号,离间,0
起外号,孤立同学,0
嘲讽,身体攻击行为,0
嘲讽,打,0
嘲讽,伤人,0
嘲讽,打架,0
嘲讽,斗殴,0
嘲讽,暴力,0
嘲讽,好斗,0
嘲讽,踢打,0
嘲讽,伤害,0
嘲讽,踹,0
嘲讽,蹬,0
嘲讽,挠,0
嘲讽,拿东西怼,0
嘲讽,拿东西砸,0
嘲讽,掐,0
嘲讽,扎,0
嘲讽,推,0
嘲讽,骚扰,0
嘲讽,欺负,0
嘲讽,攻击,0
嘲讽,霸道,0
嘲讽,朝别人吐口水,0
嘲讽,朝同学泼开水,0
嘲讽,用粉笔头丢同学,0
嘲讽,破坏同学东西,0
嘲讽,撞同学,0
嘲讽,向同学扔东西,0
嘲讽,扇耳光,0
嘲讽,划伤,0
嘲讽,身体冲撞,0
嘲讽,殴打,0
嘲讽,打群架,0
嘲讽,推搡同学,0
嘲讽,言语攻击行为,1
嘲讽,嘲笑,1
嘲讽,骂人,1
嘲讽,言语威胁,1
嘲讽,吓唬,1
嘲讽,吵架,1
嘲讽,言语冲撞,1
嘲讽,顶撞,1
嘲讽,吼同学,1
嘲讽,言语恐吓,1
嘲讽,言语挑衅,1
嘲讽,揭短,1
嘲讽,言语凌辱,1
嘲讽,顶嘴,1
嘲讽,责骂,1
嘲讽,取笑,1
嘲讽,说脏话,1
嘲讽,抬杠,1
嘲讽,与父母大吵大闹,1
嘲讽,辱骂,1
嘲讽,起外号,1
嘲讽,关系攻击行为,0
嘲讽,诽谤,0
嘲讽,挑衅老师,0
嘲讽,敌视,0
嘲讽,漠视,0
嘲讽,回避,0
嘲讽,敌意,0
嘲讽,与老师对着干,0
嘲讽,摆脸色,0
嘲讽,故意不搭理,0
嘲讽,不听话,0
嘲讽,诋毁,0
嘲讽,对着干,0
嘲讽,说别人坏话,0
嘲讽,捉弄同学,0
嘲讽,说坏话,0
嘲讽,污蔑,0
嘲讽,讽刺,0
嘲讽,诋毁,0
嘲讽,挑拔,0
嘲讽,离间,0
嘲讽,孤立同学,0
关系攻击行为,身体攻击行为,0
关系攻击行为,打,0
关系攻击行为,伤人,0
关系攻击行为,打架,0
关系攻击行为,斗殴,0
关系攻击行为,暴力,0
关系攻击行为,好斗,0
关系攻击行为,踢打,0
关系攻击行为,伤害,0
关系攻击行为,踹,0
关系攻击行为,蹬,0
关系攻击行为,挠,0
关系攻击行为,拿东西怼,0
关系攻击行为,拿东西砸,0
关系攻击行为,掐,0
关系攻击行为,扎,0
关系攻击行为,推,0
关系攻击行为,骚扰,0
关系攻击行为,欺负,0
关系攻击行为,攻击,0
关系攻击行为,霸道,0
关系攻击行为,朝别人吐口水,0
关系攻击行为,朝同学泼开水,0
关系攻击行为,用粉笔头丢同学,0
关系攻击行为,破坏同学东西,0
关系攻击行为,撞同学,0
关系攻击行为,向同学扔东西,0
关系攻击行为,扇耳光,0
关系攻击行为,划伤,0
关系攻击行为,身体冲撞,0
关系攻击行为,殴打,0
关系攻击行为,打群架,0
关系攻击行为,推搡同学,0
关系攻击行为,言语攻击行为,0
关系攻击行为,嘲笑,0
关系攻击行为,骂人,0
关系攻击行为,言语威胁,0
关系攻击行为,吓唬,0
关系攻击行为,吵架,0
关系攻击行为,言语冲撞,0
关系攻击行为,顶撞,0
关系攻击行为,吼同学,0
关系攻击行为,言语恐吓,0
关系攻击行为,言语挑衅,0
关系攻击行为,揭短,0
关系攻击行为,言语凌辱,0
关系攻击行为,顶嘴,0
关系攻击行为,责骂,0
关系攻击行为,取笑,0
关系攻击行为,说脏话,0
关系攻击行为,抬杠,0
关系攻击行为,与父母大吵大闹,0
关系攻击行为,辱骂,0
关系攻击行为,起外号,0
关系攻击行为,嘲讽,0
关系攻击行为,诽谤,1
关系攻击行为,挑衅老师,1
关系攻击行为,敌视,1
关系攻击行为,漠视,1
关系攻击行为,回避,1
关系攻击行为,敌意,1
关系攻击行为,与老师对着干,1
关系攻击行为,摆脸色,1
关系攻击行为,故意不搭理,1
关系攻击行为,不听话,1
关系攻击行为,诋毁,1
关系攻击行为,对着干,1
关系攻击行为,说别人坏话,1
关系攻击行为,捉弄同学,1
关系攻击行为,说坏话,1
关系攻击行为,污蔑,1
关系攻击行为,讽刺,1
关系攻击行为,诋毁,1
关系攻击行为,挑拔,1
关系攻击行为,离间,1
关系攻击行为,孤立同学,1
诽谤,身体攻击行为,0
诽谤,打,0
诽谤,伤人,0
诽谤,打架,0
诽谤,斗殴,0
诽谤,暴力,0
诽谤,好斗,0
诽谤,踢打,0
诽谤,伤害,0
诽谤,踹,0
诽谤,蹬,0
诽谤,挠,0
诽谤,拿东西怼,0
诽谤,拿东西砸,0
诽谤,掐,0
诽谤,扎,0
诽谤,推,0
诽谤,骚扰,0
诽谤,欺负,0
诽谤,攻击,0
诽谤,霸道,0
诽谤,朝别人吐口水,0
诽谤,朝同学泼开水,0
诽谤,用粉笔头丢同学,0
诽谤,破坏同学东西,0
诽谤,撞同学,0
诽谤,向同学扔东西,0
诽谤,扇耳光,0
诽谤,划伤,0
诽谤,身体冲撞,0
诽谤,殴打,0
诽谤,打群架,0
诽谤,推搡同学,0
诽谤,言语攻击行为,0
诽谤,嘲笑,0
诽谤,骂人,0
诽谤,言语威胁,0
诽谤,吓唬,0
诽谤,吵架,0
诽谤,言语冲撞,0
诽谤,顶撞,0
诽谤,吼同学,0
诽谤,言语恐吓,0
诽谤,言语挑衅,0
诽谤,揭短,0
诽谤,言语凌辱,0
诽谤,顶嘴,0
诽谤,责骂,0
诽谤,取笑,0
诽谤,说脏话,0
诽谤,抬杠,0
诽谤,与父母大吵大闹,0
诽谤,辱骂,0
诽谤,起外号,0
诽谤,嘲讽,0
诽谤,关系攻击行为,1
诽谤,挑衅老师,1
诽谤,敌视,1
诽谤,漠视,1
诽谤,回避,1
诽谤,敌意,1
诽谤,与老师对着干,1
诽谤,摆脸色,1
诽谤,故意不搭理,1
诽谤,不听话,1
诽谤,诋毁,1
诽谤,对着干,1
诽谤,说别人坏话,1
诽谤,捉弄同学,1
诽谤,说坏话,1
诽谤,污蔑,1
诽谤,讽刺,1
诽谤,诋毁,1
诽谤,挑拔,1
诽谤,离间,1
诽谤,孤立同学,1
挑衅老师,身体攻击行为,0
挑衅老师,打,0
挑衅老师,伤人,0
挑衅老师,打架,0
挑衅老师,斗殴,0
挑衅老师,暴力,0
挑衅老师,好斗,0
挑衅老师,踢打,0
挑衅老师,伤害,0
挑衅老师,踹,0
挑衅老师,蹬,0
挑衅老师,挠,0
挑衅老师,拿东西怼,0
挑衅老师,拿东西砸,0
挑衅老师,掐,0
挑衅老师,扎,0
挑衅老师,推,0
挑衅老师,骚扰,0
挑衅老师,欺负,0
挑衅老师,攻击,0
挑衅老师,霸道,0
挑衅老师,朝别人吐口水,0
挑衅老师,朝同学泼开水,0
挑衅老师,用粉笔头丢同学,0
挑衅老师,破坏同学东西,0
挑衅老师,撞同学,0
挑衅老师,向同学扔东西,0
挑衅老师,扇耳光,0
挑衅老师,划伤,0
挑衅老师,身体冲撞,0
挑衅老师,殴打,0
挑衅老师,打群架,0
挑衅老师,推搡同学,0
挑衅老师,言语攻击行为,0
挑衅老师,嘲笑,0
挑衅老师,骂人,0
挑衅老师,言语威胁,0
挑衅老师,吓唬,0
挑衅老师,吵架,0
挑衅老师,言语冲撞,0
挑衅老师,顶撞,0
挑衅老师,吼同学,0
挑衅老师,言语恐吓,0
挑衅老师,言语挑衅,0
挑衅老师,揭短,0
挑衅老师,言语凌辱,0
挑衅老师,顶嘴,0
挑衅老师,责骂,0
挑衅老师,取笑,0
挑衅老师,说脏话,0
挑衅老师,抬杠,0
挑衅老师,与父母大吵大闹,0
挑衅老师,辱骂,0
挑衅老师,起外号,0
挑衅老师,嘲讽,0
挑衅老师,关系攻击行为,1
挑衅老师,诽谤,1
挑衅老师,敌视,1
挑衅老师,漠视,1
挑衅老师,回避,1
挑衅老师,敌意,1
挑衅老师,与老师对着干,1
挑衅老师,摆脸色,1
挑衅老师,故意不搭理,1
挑衅老师,不听话,1
挑衅老师,诋毁,1
挑衅老师,对着干,1
挑衅老师,说别人坏话,1
挑衅老师,捉弄同学,1
挑衅老师,说坏话,1
挑衅老师,污蔑,1
挑衅老师,讽刺,1
挑衅老师,诋毁,1
挑衅老师,挑拔,1
挑衅老师,离间,1
挑衅老师,孤立同学,1
敌视,身体攻击行为,0
敌视,打,0
敌视,伤人,0
敌视,打架,0
敌视,斗殴,0
敌视,暴力,0
敌视,好斗,0
敌视,踢打,0
敌视,伤害,0
敌视,踹,0
敌视,蹬,0
敌视,挠,0
敌视,拿东西怼,0
敌视,拿东西砸,0
敌视,掐,0
敌视,扎,0
敌视,推,0
敌视,骚扰,0
敌视,欺负,0
敌视,攻击,0
敌视,霸道,0
敌视,朝别人吐口水,0
敌视,朝同学泼开水,0
敌视,用粉笔头丢同学,0
敌视,破坏同学东西,0
敌视,撞同学,0
敌视,向同学扔东西,0
敌视,扇耳光,0
敌视,划伤,0
敌视,身体冲撞,0
敌视,殴打,0
敌视,打群架,0
敌视,推搡同学,0
敌视,言语攻击行为,0
敌视,嘲笑,0
敌视,骂人,0
敌视,言语威胁,0
敌视,吓唬,0
敌视,吵架,0
敌视,言语冲撞,0
敌视,顶撞,0
敌视,吼同学,0
敌视,言语恐吓,0
敌视,言语挑衅,0
敌视,揭短,0
敌视,言语凌辱,0
敌视,顶嘴,0
敌视,责骂,0
敌视,取笑,0
敌视,说脏话,0
敌视,抬杠,0
敌视,与父母大吵大闹,0
敌视,辱骂,0
敌视,起外号,0
敌视,嘲讽,0
敌视,关系攻击行为,1
敌视,诽谤,1
敌视,挑衅老师,1
敌视,漠视,1
敌视,回避,1
敌视,敌意,1
敌视,与老师对着干,1
敌视,摆脸色,1
敌视,故意不搭理,1
敌视,不听话,1
敌视,诋毁,1
敌视,对着干,1
敌视,说别人坏话,1
敌视,捉弄同学,1
敌视,说坏话,1
敌视,污蔑,1
敌视,讽刺,1
敌视,诋毁,1
敌视,挑拔,1
敌视,离间,1
敌视,孤立同学,1
漠视,身体攻击行为,0
漠视,打,0
漠视,伤人,0
漠视,打架,0
漠视,斗殴,0
漠视,暴力,0
漠视,好斗,0
漠视,踢打,0
漠视,伤害,0
漠视,踹,0
漠视,蹬,0
漠视,挠,0
漠视,拿东西怼,0
漠视,拿东西砸,0
漠视,掐,0
漠视,扎,0
漠视,推,0
漠视,骚扰,0
漠视,欺负,0
漠视,攻击,0
漠视,霸道,0
漠视,朝别人吐口水,0
漠视,朝同学泼开水,0
漠视,用粉笔头丢同学,0
漠视,破坏同学东西,0
漠视,撞同学,0
漠视,向同学扔东西,0
漠视,扇耳光,0
漠视,划伤,0
漠视,身体冲撞,0
漠视,殴打,0
漠视,打群架,0
漠视,推搡同学,0
漠视,言语攻击行为,0
漠视,嘲笑,0
漠视,骂人,0
漠视,言语威胁,0
漠视,吓唬,0
漠视,吵架,0
漠视,言语冲撞,0
漠视,顶撞,0
漠视,吼同学,0
漠视,言语恐吓,0
漠视,言语挑衅,0
漠视,揭短,0
漠视,言语凌辱,0
漠视,顶嘴,0
漠视,责骂,0
漠视,取笑,0
漠视,说脏话,0
漠视,抬杠,0
漠视,与父母大吵大闹,0
漠视,辱骂,0
漠视,起外号,0
漠视,嘲讽,0
漠视,关系攻击行为,1
漠视,诽谤,1
漠视,挑衅老师,1
漠视,敌视,1
漠视,回避,1
漠视,敌意,1
漠视,与老师对着干,1
漠视,摆脸色,1
漠视,故意不搭理,1
漠视,不听话,1
漠视,诋毁,1
漠视,对着干,1
漠视,说别人坏话,1
漠视,捉弄同学,1
漠视,说坏话,1
漠视,污蔑,1
漠视,讽刺,1
漠视,诋毁,1
漠视,挑拔,1
漠视,离间,1
漠视,孤立同学,1
回避,身体攻击行为,0
回避,打,0
回避,伤人,0
回避,打架,0
回避,斗殴,0
回避,暴力,0
回避,好斗,0
回避,踢打,0
回避,伤害,0
回避,踹,0
回避,蹬,0
回避,挠,0
回避,拿东西怼,0
回避,拿东西砸,0
回避,掐,0
回避,扎,0
回避,推,0
回避,骚扰,0
回避,欺负,0
回避,攻击,0
回避,霸道,0
回避,朝别人吐口水,0
回避,朝同学泼开水,0
回避,用粉笔头丢同学,0
回避,破坏同学东西,0
回避,撞同学,0
回避,向同学扔东西,0
回避,扇耳光,0
回避,划伤,0
回避,身体冲撞,0
回避,殴打,0
回避,打群架,0
回避,推搡同学,0
回避,言语攻击行为,0
回避,嘲笑,0
回避,骂人,0
回避,言语威胁,0
回避,吓唬,0
回避,吵架,0
回避,言语冲撞,0
回避,顶撞,0
回避,吼同学,0
回避,言语恐吓,0
回避,言语挑衅,0
回避,揭短,0
回避,言语凌辱,0
回避,顶嘴,0
回避,责骂,0
回避,取笑,0
回避,说脏话,0
回避,抬杠,0
回避,与父母大吵大闹,0
回避,辱骂,0
回避,起外号,0
回避,嘲讽,0
回避,关系攻击行为,1
回避,诽谤,1
回避,挑衅老师,1
回避,敌视,1
回避,漠视,1
回避,敌意,1
回避,与老师对着干,1
回避,摆脸色,1
回避,故意不搭理,1
回避,不听话,1
回避,诋毁,1
回避,对着干,1
回避,说别人坏话,1
回避,捉弄同学,1
回避,说坏话,1
回避,污蔑,1
回避,讽刺,1
回避,诋毁,1
回避,挑拔,1
回避,离间,1
回避,孤立同学,1
敌意,身体攻击行为,0
敌意,打,0
敌意,伤人,0
敌意,打架,0
敌意,斗殴,0
敌意,暴力,0
敌意,好斗,0
敌意,踢打,0
敌意,伤害,0
敌意,踹,0
敌意,蹬,0
敌意,挠,0
敌意,拿东西怼,0
敌意,拿东西砸,0
敌意,掐,0
敌意,扎,0
敌意,推,0
敌意,骚扰,0
敌意,欺负,0
敌意,攻击,0
敌意,霸道,0
敌意,朝别人吐口水,0
敌意,朝同学泼开水,0
敌意,用粉笔头丢同学,0
敌意,破坏同学东西,0
敌意,撞同学,0
敌意,向同学扔东西,0
敌意,扇耳光,0
敌意,划伤,0
敌意,身体冲撞,0
敌意,殴打,0
敌意,打群架,0
敌意,推搡同学,0
敌意,言语攻击行为,0
敌意,嘲笑,0
敌意,骂人,0
敌意,言语威胁,0
敌意,吓唬,0
敌意,吵架,0
敌意,言语冲撞,0
敌意,顶撞,0
敌意,吼同学,0
敌意,言语恐吓,0
敌意,言语挑衅,0
敌意,揭短,0
敌意,言语凌辱,0
敌意,顶嘴,0
敌意,责骂,0
敌意,取笑,0
敌意,说脏话,0
敌意,抬杠,0
敌意,与父母大吵大闹,0
敌意,辱骂,0
敌意,起外号,0
敌意,嘲讽,0
敌意,关系攻击行为,1
敌意,诽谤,1
敌意,挑衅老师,1
敌意,敌视,1
敌意,漠视,1
敌意,回避,1
敌意,与老师对着干,1
敌意,摆脸色,1
敌意,故意不搭理,1
敌意,不听话,1
敌意,诋毁,1
敌意,对着干,1
敌意,说别人坏话,1
敌意,捉弄同学,1
敌意,说坏话,1
敌意,污蔑,1
敌意,讽刺,1
敌意,诋毁,1
敌意,挑拔,1
敌意,离间,1
敌意,孤立同学,1
与老师对着干,身体攻击行为,0
与老师对着干,打,0
与老师对着干,伤人,0
与老师对着干,打架,0
与老师对着干,斗殴,0
与老师对着干,暴力,0
与老师对着干,好斗,0
与老师对着干,踢打,0
与老师对着干,伤害,0
与老师对着干,踹,0
与老师对着干,蹬,0
与老师对着干,挠,0
与老师对着干,拿东西怼,0
与老师对着干,拿东西砸,0
与老师对着干,掐,0
与老师对着干,扎,0
与老师对着干,推,0
与老师对着干,骚扰,0
与老师对着干,欺负,0
与老师对着干,攻击,0
与老师对着干,霸道,0
与老师对着干,朝别人吐口水,0
与老师对着干,朝同学泼开水,0
与老师对着干,用粉笔头丢同学,0
与老师对着干,破坏同学东西,0
与老师对着干,撞同学,0
与老师对着干,向同学扔东西,0
与老师对着干,扇耳光,0
与老师对着干,划伤,0
与老师对着干,身体冲撞,0
与老师对着干,殴打,0
与老师对着干,打群架,0
与老师对着干,推搡同学,0
与老师对着干,言语攻击行为,0
与老师对着干,嘲笑,0
与老师对着干,骂人,0
与老师对着干,言语威胁,0
与老师对着干,吓唬,0
与老师对着干,吵架,0
与老师对着干,言语冲撞,0
与老师对着干,顶撞,0
与老师对着干,吼同学,0
与老师对着干,言语恐吓,0
与老师对着干,言语挑衅,0
与老师对着干,揭短,0
与老师对着干,言语凌辱,0
与老师对着干,顶嘴,0
与老师对着干,责骂,0
与老师对着干,取笑,0
与老师对着干,说脏话,0
与老师对着干,抬杠,0
与老师对着干,与父母大吵大闹,0
与老师对着干,辱骂,0
与老师对着干,起外号,0
与老师对着干,嘲讽,0
与老师对着干,关系攻击行为,1
与老师对着干,诽谤,1
与老师对着干,挑衅老师,1
与老师对着干,敌视,1
与老师对着干,漠视,1
与老师对着干,回避,1
与老师对着干,敌意,1
与老师对着干,摆脸色,1
与老师对着干,故意不搭理,1
与老师对着干,不听话,1
与老师对着干,诋毁,1
与老师对着干,对着干,1
与老师对着干,说别人坏话,1
与老师对着干,捉弄同学,1
与老师对着干,说坏话,1
与老师对着干,污蔑,1
与老师对着干,讽刺,1
与老师对着干,诋毁,1
与老师对着干,挑拔,1
与老师对着干,离间,1
与老师对着干,孤立同学,1
摆脸色,身体攻击行为,0
摆脸色,打,0
摆脸色,伤人,0
摆脸色,打架,0
摆脸色,斗殴,0
摆脸色,暴力,0
摆脸色,好斗,0
摆脸色,踢打,0
摆脸色,伤害,0
摆脸色,踹,0
摆脸色,蹬,0
摆脸色,挠,0
摆脸色,拿东西怼,0
摆脸色,拿东西砸,0
摆脸色,掐,0
摆脸色,扎,0
摆脸色,推,0
摆脸色,骚扰,0
摆脸色,欺负,0
摆脸色,攻击,0
摆脸色,霸道,0
摆脸色,朝别人吐口水,0
摆脸色,朝同学泼开水,0
摆脸色,用粉笔头丢同学,0
摆脸色,破坏同学东西,0
摆脸色,撞同学,0
摆脸色,向同学扔东西,0
摆脸色,扇耳光,0
摆脸色,划伤,0
摆脸色,身体冲撞,0
摆脸色,殴打,0
摆脸色,打群架,0
摆脸色,推搡同学,0
摆脸色,言语攻击行为,0
摆脸色,嘲笑,0
摆脸色,骂人,0
摆脸色,言语威胁,0
摆脸色,吓唬,0
摆脸色,吵架,0
摆脸色,言语冲撞,0
摆脸色,顶撞,0
摆脸色,吼同学,0
摆脸色,言语恐吓,0
摆脸色,言语挑衅,0
摆脸色,揭短,0
摆脸色,言语凌辱,0
摆脸色,顶嘴,0
摆脸色,责骂,0
摆脸色,取笑,0
摆脸色,说脏话,0
摆脸色,抬杠,0
摆脸色,与父母大吵大闹,0
摆脸色,辱骂,0
摆脸色,起外号,0
摆脸色,嘲讽,0
摆脸色,关系攻击行为,1
摆脸色,诽谤,1
摆脸色,挑衅老师,1
摆脸色,敌视,1
摆脸色,漠视,1
摆脸色,回避,1
摆脸色,敌意,1
摆脸色,与老师对着干,1
摆脸色,故意不搭理,1
摆脸色,不听话,1
摆脸色,诋毁,1
摆脸色,对着干,1
摆脸色,说别人坏话,1
摆脸色,捉弄同学,1
摆脸色,说坏话,1
摆脸色,污蔑,1
摆脸色,讽刺,1
摆脸色,诋毁,1
摆脸色,挑拔,1
摆脸色,离间,1
摆脸色,孤立同学,1
故意不搭理,身体攻击行为,0
故意不搭理,打,0
故意不搭理,伤人,0
故意不搭理,打架,0
故意不搭理,斗殴,0
故意不搭理,暴力,0
故意不搭理,好斗,0
故意不搭理,踢打,0
故意不搭理,伤害,0
故意不搭理,踹,0
故意不搭理,蹬,0
故意不搭理,挠,0
故意不搭理,拿东西怼,0
故意不搭理,拿东西砸,0
故意不搭理,掐,0
故意不搭理,扎,0
故意不搭理,推,0
故意不搭理,骚扰,0
故意不搭理,欺负,0
故意不搭理,攻击,0
故意不搭理,霸道,0
故意不搭理,朝别人吐口水,0
故意不搭理,朝同学泼开水,0
故意不搭理,用粉笔头丢同学,0
故意不搭理,破坏同学东西,0
故意不搭理,撞同学,0
故意不搭理,向同学扔东西,0
故意不搭理,扇耳光,0
故意不搭理,划伤,0
故意不搭理,身体冲撞,0
故意不搭理,殴打,0
故意不搭理,打群架,0
故意不搭理,推搡同学,0
故意不搭理,言语攻击行为,0
故意不搭理,嘲笑,0
故意不搭理,骂人,0
故意不搭理,言语威胁,0
故意不搭理,吓唬,0
故意不搭理,吵架,0
故意不搭理,言语冲撞,0
故意不搭理,顶撞,0
故意不搭理,吼同学,0
故意不搭理,言语恐吓,0
故意不搭理,言语挑衅,0
故意不搭理,揭短,0
故意不搭理,言语凌辱,0
故意不搭理,顶嘴,0
故意不搭理,责骂,0
故意不搭理,取笑,0
故意不搭理,说脏话,0
故意不搭理,抬杠,0
故意不搭理,与父母大吵大闹,0
故意不搭理,辱骂,0
故意不搭理,起外号,0
故意不搭理,嘲讽,0
故意不搭理,关系攻击行为,1
故意不搭理,诽谤,1
故意不搭理,挑衅老师,1
故意不搭理,敌视,1
故意不搭理,漠视,1
故意不搭理,回避,1
故意不搭理,敌意,1
故意不搭理,与老师对着干,1
故意不搭理,摆脸色,1
故意不搭理,不听话,1
故意不搭理,诋毁,1
故意不搭理,对着干,1
故意不搭理,说别人坏话,1
故意不搭理,捉弄同学,1
故意不搭理,说坏话,1
故意不搭理,污蔑,1
故意不搭理,讽刺,1
故意不搭理,诋毁,1
故意不搭理,挑拔,1
故意不搭理,离间,1
故意不搭理,孤立同学,1
不听话,身体攻击行为,0
不听话,打,0
不听话,伤人,0
不听话,打架,0
不听话,斗殴,0
不听话,暴力,0
不听话,好斗,0
不听话,踢打,0
不听话,伤害,0
不听话,踹,0
不听话,蹬,0
不听话,挠,0
不听话,拿东西怼,0
不听话,拿东西砸,0
不听话,掐,0
不听话,扎,0
不听话,推,0
不听话,骚扰,0
不听话,欺负,0
不听话,攻击,0
不听话,霸道,0
不听话,朝别人吐口水,0
不听话,朝同学泼开水,0
不听话,用粉笔头丢同学,0
不听话,破坏同学东西,0
不听话,撞同学,0
不听话,向同学扔东西,0
不听话,扇耳光,0
不听话,划伤,0
不听话,身体冲撞,0
不听话,殴打,0
不听话,打群架,0
不听话,推搡同学,0
不听话,言语攻击行为,0
不听话,嘲笑,0
不听话,骂人,0
不听话,言语威胁,0
不听话,吓唬,0
不听话,吵架,0
不听话,言语冲撞,0
不听话,顶撞,0
不听话,吼同学,0
不听话,言语恐吓,0
不听话,言语挑衅,0
不听话,揭短,0
不听话,言语凌辱,0
不听话,顶嘴,0
不听话,责骂,0
不听话,取笑,0
不听话,说脏话,0
不听话,抬杠,0
不听话,与父母大吵大闹,0
不听话,辱骂,0
不听话,起外号,0
不听话,嘲讽,0
不听话,关系攻击行为,1
不听话,诽谤,1
不听话,挑衅老师,1
不听话,敌视,1
不听话,漠视,1
不听话,回避,1
不听话,敌意,1
不听话,与老师对着干,1
不听话,摆脸色,1
不听话,故意不搭理,1
不听话,诋毁,1
不听话,对着干,1
不听话,说别人坏话,1
不听话,捉弄同学,1
不听话,说坏话,1
不听话,污蔑,1
不听话,讽刺,1
不听话,诋毁,1
不听话,挑拔,1
不听话,离间,1
不听话,孤立同学,1
诋毁,身体攻击行为,0
诋毁,打,0
诋毁,伤人,0
诋毁,打架,0
诋毁,斗殴,0
诋毁,暴力,0
诋毁,好斗,0
诋毁,踢打,0
诋毁,伤害,0
诋毁,踹,0
诋毁,蹬,0
诋毁,挠,0
诋毁,拿东西怼,0
诋毁,拿东西砸,0
诋毁,掐,0
诋毁,扎,0
诋毁,推,0
诋毁,骚扰,0
诋毁,欺负,0
诋毁,攻击,0
诋毁,霸道,0
诋毁,朝别人吐口水,0
诋毁,朝同学泼开水,0
诋毁,用粉笔头丢同学,0
诋毁,破坏同学东西,0
诋毁,撞同学,0
诋毁,向同学扔东西,0
诋毁,扇耳光,0
诋毁,划伤,0
诋毁,身体冲撞,0
诋毁,殴打,0
诋毁,打群架,0
诋毁,推搡同学,0
诋毁,言语攻击行为,0
诋毁,嘲笑,0
诋毁,骂人,0
诋毁,言语威胁,0
诋毁,吓唬,0
诋毁,吵架,0
诋毁,言语冲撞,0
诋毁,顶撞,0
诋毁,吼同学,0
诋毁,言语恐吓,0
诋毁,言语挑衅,0
诋毁,揭短,0
诋毁,言语凌辱,0
诋毁,顶嘴,0
诋毁,责骂,0
诋毁,取笑,0
诋毁,说脏话,0
诋毁,抬杠,0
诋毁,与父母大吵大闹,0
诋毁,辱骂,0
诋毁,起外号,0
诋毁,嘲讽,0
诋毁,关系攻击行为,1
诋毁,诽谤,1
诋毁,挑衅老师,1
诋毁,敌视,1
诋毁,漠视,1
诋毁,回避,1
诋毁,敌意,1
诋毁,与老师对着干,1
诋毁,摆脸色,1
诋毁,故意不搭理,1
诋毁,不听话,1
诋毁,对着干,1
诋毁,说别人坏话,1
诋毁,捉弄同学,1
诋毁,说坏话,1
诋毁,污蔑,1
诋毁,讽刺,1
诋毁,挑拔,1
诋毁,离间,1
诋毁,孤立同学,1
对着干,身体攻击行为,0
对着干,打,0
对着干,伤人,0
对着干,打架,0
对着干,斗殴,0
对着干,暴力,0
对着干,好斗,0
对着干,踢打,0
对着干,伤害,0
对着干,踹,0
对着干,蹬,0
对着干,挠,0
对着干,拿东西怼,0
对着干,拿东西砸,0
对着干,掐,0
对着干,扎,0
对着干,推,0
对着干,骚扰,0
对着干,欺负,0
对着干,攻击,0
对着干,霸道,0
对着干,朝别人吐口水,0
对着干,朝同学泼开水,0
对着干,用粉笔头丢同学,0
对着干,破坏同学东西,0
对着干,撞同学,0
对着干,向同学扔东西,0
对着干,扇耳光,0
对着干,划伤,0
对着干,身体冲撞,0
对着干,殴打,0
对着干,打群架,0
对着干,推搡同学,0
对着干,言语攻击行为,0
对着干,嘲笑,0
对着干,骂人,0
对着干,言语威胁,0
对着干,吓唬,0
对着干,吵架,0
对着干,言语冲撞,0
对着干,顶撞,0
对着干,吼同学,0
对着干,言语恐吓,0
对着干,言语挑衅,0
对着干,揭短,0
对着干,言语凌辱,0
对着干,顶嘴,0
对着干,责骂,0
对着干,取笑,0
对着干,说脏话,0
对着干,抬杠,0
对着干,与父母大吵大闹,0
对着干,辱骂,0
对着干,起外号,0
对着干,嘲讽,0
对着干,关系攻击行为,1
对着干,诽谤,1
对着干,挑衅老师,1
对着干,敌视,1
对着干,漠视,1
对着干,回避,1
对着干,敌意,1
对着干,与老师对着干,1
对着干,摆脸色,1
对着干,故意不搭理,1
对着干,不听话,1
对着干,诋毁,1
对着干,说别人坏话,1
对着干,捉弄同学,1
对着干,说坏话,1
对着干,污蔑,1
对着干,讽刺,1
对着干,诋毁,1
对着干,挑拔,1
对着干,离间,1
对着干,孤立同学,1
说别人坏话,身体攻击行为,0
说别人坏话,打,0
说别人坏话,伤人,0
说别人坏话,打架,0
说别人坏话,斗殴,0
说别人坏话,暴力,0
说别人坏话,好斗,0
说别人坏话,踢打,0
说别人坏话,伤害,0
说别人坏话,踹,0
说别人坏话,蹬,0
说别人坏话,挠,0
说别人坏话,拿东西怼,0
说别人坏话,拿东西砸,0
说别人坏话,掐,0
说别人坏话,扎,0
说别人坏话,推,0
说别人坏话,骚扰,0
说别人坏话,欺负,0
说别人坏话,攻击,0
说别人坏话,霸道,0
说别人坏话,朝别人吐口水,0
说别人坏话,朝同学泼开水,0
说别人坏话,用粉笔头丢同学,0
说别人坏话,破坏同学东西,0
说别人坏话,撞同学,0
说别人坏话,向同学扔东西,0
说别人坏话,扇耳光,0
说别人坏话,划伤,0
说别人坏话,身体冲撞,0
说别人坏话,殴打,0
说别人坏话,打群架,0
说别人坏话,推搡同学,0
说别人坏话,言语攻击行为,0
说别人坏话,嘲笑,0
说别人坏话,骂人,0
说别人坏话,言语威胁,0
说别人坏话,吓唬,0
说别人坏话,吵架,0
说别人坏话,言语冲撞,0
说别人坏话,顶撞,0
说别人坏话,吼同学,0
说别人坏话,言语恐吓,0
说别人坏话,言语挑衅,0
说别人坏话,揭短,0
说别人坏话,言语凌辱,0
说别人坏话,顶嘴,0
说别人坏话,责骂,0
说别人坏话,取笑,0
说别人坏话,说脏话,0
说别人坏话,抬杠,0
说别人坏话,与父母大吵大闹,0
说别人坏话,辱骂,0
说别人坏话,起外号,0
说别人坏话,嘲讽,0
说别人坏话,关系攻击行为,1
说别人坏话,诽谤,1
说别人坏话,挑衅老师,1
说别人坏话,敌视,1
说别人坏话,漠视,1
说别人坏话,回避,1
说别人坏话,敌意,1
说别人坏话,与老师对着干,1
说别人坏话,摆脸色,1
说别人坏话,故意不搭理,1
说别人坏话,不听话,1
说别人坏话,诋毁,1
说别人坏话,对着干,1
说别人坏话,捉弄同学,1
说别人坏话,说坏话,1
说别人坏话,污蔑,1
说别人坏话,讽刺,1
说别人坏话,诋毁,1
说别人坏话,挑拔,1
说别人坏话,离间,1
说别人坏话,孤立同学,1
捉弄同学,身体攻击行为,0
捉弄同学,打,0
捉弄同学,伤人,0
捉弄同学,打架,0
捉弄同学,斗殴,0
捉弄同学,暴力,0
捉弄同学,好斗,0
捉弄同学,踢打,0
捉弄同学,伤害,0
捉弄同学,踹,0
捉弄同学,蹬,0
捉弄同学,挠,0
捉弄同学,拿东西怼,0
捉弄同学,拿东西砸,0
捉弄同学,掐,0
捉弄同学,扎,0
捉弄同学,推,0
捉弄同学,骚扰,0
捉弄同学,欺负,0
捉弄同学,攻击,0
捉弄同学,霸道,0
捉弄同学,朝别人吐口水,0
捉弄同学,朝同学泼开水,0
捉弄同学,用粉笔头丢同学,0
捉弄同学,破坏同学东西,0
捉弄同学,撞同学,0
捉弄同学,向同学扔东西,0
捉弄同学,扇耳光,0
捉弄同学,划伤,0
捉弄同学,身体冲撞,0
捉弄同学,殴打,0
捉弄同学,打群架,0
捉弄同学,推搡同学,0
捉弄同学,言语攻击行为,0
捉弄同学,嘲笑,0
捉弄同学,骂人,0
捉弄同学,言语威胁,0
捉弄同学,吓唬,0
捉弄同学,吵架,0
捉弄同学,言语冲撞,0
捉弄同学,顶撞,0
捉弄同学,吼同学,0
捉弄同学,言语恐吓,0
捉弄同学,言语挑衅,0
捉弄同学,揭短,0
捉弄同学,言语凌辱,0
捉弄同学,顶嘴,0
捉弄同学,责骂,0
捉弄同学,取笑,0
捉弄同学,说脏话,0
捉弄同学,抬杠,0
捉弄同学,与父母大吵大闹,0
捉弄同学,辱骂,0
捉弄同学,起外号,0
捉弄同学,嘲讽,0
捉弄同学,关系攻击行为,1
捉弄同学,诽谤,1
捉弄同学,挑衅老师,1
捉弄同学,敌视,1
捉弄同学,漠视,1
捉弄同学,回避,1
捉弄同学,敌意,1
捉弄同学,与老师对着干,1
捉弄同学,摆脸色,1
捉弄同学,故意不搭理,1
捉弄同学,不听话,1
捉弄同学,诋毁,1
捉弄同学,对着干,1
捉弄同学,说别人坏话,1
捉弄同学,说坏话,1
捉弄同学,污蔑,1
捉弄同学,讽刺,1
捉弄同学,诋毁,1
捉弄同学,挑拔,1
捉弄同学,离间,1
捉弄同学,孤立同学,1
说坏话,身体攻击行为,0
说坏话,打,0
说坏话,伤人,0
说坏话,打架,0
说坏话,斗殴,0
说坏话,暴力,0
说坏话,好斗,0
说坏话,踢打,0
说坏话,伤害,0
说坏话,踹,0
说坏话,蹬,0
说坏话,挠,0
说坏话,拿东西怼,0
说坏话,拿东西砸,0
说坏话,掐,0
说坏话,扎,0
说坏话,推,0
说坏话,骚扰,0
说坏话,欺负,0
说坏话,攻击,0
说坏话,霸道,0
说坏话,朝别人吐口水,0
说坏话,朝同学泼开水,0
说坏话,用粉笔头丢同学,0
说坏话,破坏同学东西,0
说坏话,撞同学,0
说坏话,向同学扔东西,0
说坏话,扇耳光,0
说坏话,划伤,0
说坏话,身体冲撞,0
说坏话,殴打,0
说坏话,打群架,0
说坏话,推搡同学,0
说坏话,言语攻击行为,0
说坏话,嘲笑,0
说坏话,骂人,0
说坏话,言语威胁,0
说坏话,吓唬,0
说坏话,吵架,0
说坏话,言语冲撞,0
说坏话,顶撞,0
说坏话,吼同学,0
说坏话,言语恐吓,0
说坏话,言语挑衅,0
说坏话,揭短,0
说坏话,言语凌辱,0
说坏话,顶嘴,0
说坏话,责骂,0
说坏话,取笑,0
说坏话,说脏话,0
说坏话,抬杠,0
说坏话,与父母大吵大闹,0
说坏话,辱骂,0
说坏话,起外号,0
说坏话,嘲讽,0
说坏话,关系攻击行为,1
说坏话,诽谤,1
说坏话,挑衅老师,1
说坏话,敌视,1
说坏话,漠视,1
说坏话,回避,1
说坏话,敌意,1
说坏话,与老师对着干,1
说坏话,摆脸色,1
说坏话,故意不搭理,1
说坏话,不听话,1
说坏话,诋毁,1
说坏话,对着干,1
说坏话,说别人坏话,1
说坏话,捉弄同学,1
说坏话,污蔑,1
说坏话,讽刺,1
说坏话,诋毁,1
说坏话,挑拔,1
说坏话,离间,1
说坏话,孤立同学,1
污蔑,身体攻击行为,0
污蔑,打,0
污蔑,伤人,0
污蔑,打架,0
污蔑,斗殴,0
污蔑,暴力,0
污蔑,好斗,0
污蔑,踢打,0
污蔑,伤害,0
污蔑,踹,0
污蔑,蹬,0
污蔑,挠,0
污蔑,拿东西怼,0
污蔑,拿东西砸,0
污蔑,掐,0
污蔑,扎,0
污蔑,推,0
污蔑,骚扰,0
污蔑,欺负,0
污蔑,攻击,0
污蔑,霸道,0
污蔑,朝别人吐口水,0
污蔑,朝同学泼开水,0
污蔑,用粉笔头丢同学,0
污蔑,破坏同学东西,0
污蔑,撞同学,0
污蔑,向同学扔东西,0
污蔑,扇耳光,0
污蔑,划伤,0
污蔑,身体冲撞,0
污蔑,殴打,0
污蔑,打群架,0
污蔑,推搡同学,0
污蔑,言语攻击行为,0
污蔑,嘲笑,0
污蔑,骂人,0
污蔑,言语威胁,0
污蔑,吓唬,0
污蔑,吵架,0
污蔑,言语冲撞,0
污蔑,顶撞,0
污蔑,吼同学,0
污蔑,言语恐吓,0
污蔑,言语挑衅,0
污蔑,揭短,0
污蔑,言语凌辱,0
污蔑,顶嘴,0
污蔑,责骂,0
污蔑,取笑,0
污蔑,说脏话,0
污蔑,抬杠,0
污蔑,与父母大吵大闹,0
污蔑,辱骂,0
污蔑,起外号,0
污蔑,嘲讽,0
污蔑,关系攻击行为,1
污蔑,诽谤,1
污蔑,挑衅老师,1
污蔑,敌视,1
污蔑,漠视,1
污蔑,回避,1
污蔑,敌意,1
污蔑,与老师对着干,1
污蔑,摆脸色,1
污蔑,故意不搭理,1
污蔑,不听话,1
污蔑,诋毁,1
污蔑,对着干,1
污蔑,说别人坏话,1
污蔑,捉弄同学,1
污蔑,说坏话,1
污蔑,讽刺,1
污蔑,诋毁,1
污蔑,挑拔,1
污蔑,离间,1
污蔑,孤立同学,1
讽刺,身体攻击行为,0
讽刺,打,0
讽刺,伤人,0
讽刺,打架,0
讽刺,斗殴,0
讽刺,暴力,0
讽刺,好斗,0
讽刺,踢打,0
讽刺,伤害,0
讽刺,踹,0
讽刺,蹬,0
讽刺,挠,0
讽刺,拿东西怼,0
讽刺,拿东西砸,0
讽刺,掐,0
讽刺,扎,0
讽刺,推,0
讽刺,骚扰,0
讽刺,欺负,0
讽刺,攻击,0
讽刺,霸道,0
讽刺,朝别人吐口水,0
讽刺,朝同学泼开水,0
讽刺,用粉笔头丢同学,0
讽刺,破坏同学东西,0
讽刺,撞同学,0
讽刺,向同学扔东西,0
讽刺,扇耳光,0
讽刺,划伤,0
讽刺,身体冲撞,0
讽刺,殴打,0
讽刺,打群架,0
讽刺,推搡同学,0
讽刺,言语攻击行为,0
讽刺,嘲笑,0
讽刺,骂人,0
讽刺,言语威胁,0
讽刺,吓唬,0
讽刺,吵架,0
讽刺,言语冲撞,0
讽刺,顶撞,0
讽刺,吼同学,0
讽刺,言语恐吓,0
讽刺,言语挑衅,0
讽刺,揭短,0
讽刺,言语凌辱,0
讽刺,顶嘴,0
讽刺,责骂,0
讽刺,取笑,0
讽刺,说脏话,0
讽刺,抬杠,0
讽刺,与父母大吵大闹,0
讽刺,辱骂,0
讽刺,起外号,0
讽刺,嘲讽,0
讽刺,关系攻击行为,1
讽刺,诽谤,1
讽刺,挑衅老师,1
讽刺,敌视,1
讽刺,漠视,1
讽刺,回避,1
讽刺,敌意,1
讽刺,与老师对着干,1
讽刺,摆脸色,1
讽刺,故意不搭理,1
讽刺,不听话,1
讽刺,诋毁,1
讽刺,对着干,1
讽刺,说别人坏话,1
讽刺,捉弄同学,1
讽刺,说坏话,1
讽刺,污蔑,1
讽刺,诋毁,1
讽刺,挑拔,1
讽刺,离间,1
讽刺,孤立同学,1
诋毁,身体攻击行为,0
诋毁,打,0
诋毁,伤人,0
诋毁,打架,0
诋毁,斗殴,0
诋毁,暴力,0
诋毁,好斗,0
诋毁,踢打,0
诋毁,伤害,0
诋毁,踹,0
诋毁,蹬,0
诋毁,挠,0
诋毁,拿东西怼,0
诋毁,拿东西砸,0
诋毁,掐,0
诋毁,扎,0
诋毁,推,0
诋毁,骚扰,0
诋毁,欺负,0
诋毁,攻击,0
诋毁,霸道,0
诋毁,朝别人吐口水,0
诋毁,朝同学泼开水,0
诋毁,用粉笔头丢同学,0
诋毁,破坏同学东西,0
诋毁,撞同学,0
诋毁,向同学扔东西,0
诋毁,扇耳光,0
诋毁,划伤,0
诋毁,身体冲撞,0
诋毁,殴打,0
诋毁,打群架,0
诋毁,推搡同学,0
诋毁,言语攻击行为,0
诋毁,嘲笑,0
诋毁,骂人,0
诋毁,言语威胁,0
诋毁,吓唬,0
诋毁,吵架,0
诋毁,言语冲撞,0
诋毁,顶撞,0
诋毁,吼同学,0
诋毁,言语恐吓,0
诋毁,言语挑衅,0
诋毁,揭短,0
诋毁,言语凌辱,0
诋毁,顶嘴,0
诋毁,责骂,0
诋毁,取笑,0
诋毁,说脏话,0
诋毁,抬杠,0
诋毁,与父母大吵大闹,0
诋毁,辱骂,0
诋毁,起外号,0
诋毁,嘲讽,0
诋毁,关系攻击行为,1
诋毁,诽谤,1
诋毁,挑衅老师,1
诋毁,敌视,1
诋毁,漠视,1
诋毁,回避,1
诋毁,敌意,1
诋毁,与老师对着干,1
诋毁,摆脸色,1
诋毁,故意不搭理,1
诋毁,不听话,1
诋毁,对着干,1
诋毁,说别人坏话,1
诋毁,捉弄同学,1
诋毁,说坏话,1
诋毁,污蔑,1
诋毁,讽刺,1
诋毁,挑拔,1
诋毁,离间,1
诋毁,孤立同学,1
挑拔,身体攻击行为,0
挑拔,打,0
挑拔,伤人,0
挑拔,打架,0
挑拔,斗殴,0
挑拔,暴力,0
挑拔,好斗,0
挑拔,踢打,0
挑拔,伤害,0
挑拔,踹,0
挑拔,蹬,0
挑拔,挠,0
挑拔,拿东西怼,0
挑拔,拿东西砸,0
挑拔,掐,0
挑拔,扎,0
挑拔,推,0
挑拔,骚扰,0
挑拔,欺负,0
挑拔,攻击,0
挑拔,霸道,0
挑拔,朝别人吐口水,0
挑拔,朝同学泼开水,0
挑拔,用粉笔头丢同学,0
挑拔,破坏同学东西,0
挑拔,撞同学,0
挑拔,向同学扔东西,0
挑拔,扇耳光,0
挑拔,划伤,0
挑拔,身体冲撞,0
挑拔,殴打,0
挑拔,打群架,0
挑拔,推搡同学,0
挑拔,言语攻击行为,0
挑拔,嘲笑,0
挑拔,骂人,0
挑拔,言语威胁,0
挑拔,吓唬,0
挑拔,吵架,0
挑拔,言语冲撞,0
挑拔,顶撞,0
挑拔,吼同学,0
挑拔,言语恐吓,0
挑拔,言语挑衅,0
挑拔,揭短,0
挑拔,言语凌辱,0
挑拔,顶嘴,0
挑拔,责骂,0
挑拔,取笑,0
挑拔,说脏话,0
挑拔,抬杠,0
挑拔,与父母大吵大闹,0
挑拔,辱骂,0
挑拔,起外号,0
挑拔,嘲讽,0
挑拔,关系攻击行为,1
挑拔,诽谤,1
挑拔,挑衅老师,1
挑拔,敌视,1
挑拔,漠视,1
挑拔,回避,1
挑拔,敌意,1
挑拔,与老师对着干,1
挑拔,摆脸色,1
挑拔,故意不搭理,1
挑拔,不听话,1
挑拔,诋毁,1
挑拔,对着干,1
挑拔,说别人坏话,1
挑拔,捉弄同学,1
挑拔,说坏话,1
挑拔,污蔑,1
挑拔,讽刺,1
挑拔,诋毁,1
挑拔,离间,1
挑拔,孤立同学,1
离间,身体攻击行为,0
离间,打,0
离间,伤人,0
离间,打架,0
离间,斗殴,0
离间,暴力,0
离间,好斗,0
离间,踢打,0
离间,伤害,0
离间,踹,0
离间,蹬,0
离间,挠,0
离间,拿东西怼,0
离间,拿东西砸,0
离间,掐,0
离间,扎,0
离间,推,0
离间,骚扰,0
离间,欺负,0
离间,攻击,0
离间,霸道,0
离间,朝别人吐口水,0
离间,朝同学泼开水,0
离间,用粉笔头丢同学,0
离间,破坏同学东西,0
离间,撞同学,0
离间,向同学扔东西,0
离间,扇耳光,0
离间,划伤,0
离间,身体冲撞,0
离间,殴打,0
离间,打群架,0
离间,推搡同学,0
离间,言语攻击行为,0
离间,嘲笑,0
离间,骂人,0
离间,言语威胁,0
离间,吓唬,0
离间,吵架,0
离间,言语冲撞,0
离间,顶撞,0
离间,吼同学,0
离间,言语恐吓,0
离间,言语挑衅,0
离间,揭短,0
离间,言语凌辱,0
离间,顶嘴,0
离间,责骂,0
离间,取笑,0
离间,说脏话,0
离间,抬杠,0
离间,与父母大吵大闹,0
离间,辱骂,0
离间,起外号,0
离间,嘲讽,0
离间,关系攻击行为,1
离间,诽谤,1
离间,挑衅老师,1
离间,敌视,1
离间,漠视,1
离间,回避,1
离间,敌意,1
离间,与老师对着干,1
离间,摆脸色,1
离间,故意不搭理,1
离间,不听话,1
离间,诋毁,1
离间,对着干,1
离间,说别人坏话,1
离间,捉弄同学,1
离间,说坏话,1
离间,污蔑,1
离间,讽刺,1
离间,诋毁,1
离间,挑拔,1
离间,孤立同学,1
孤立同学,身体攻击行为,0
孤立同学,打,0
孤立同学,伤人,0
孤立同学,打架,0
孤立同学,斗殴,0
孤立同学,暴力,0
孤立同学,好斗,0
孤立同学,踢打,0
孤立同学,伤害,0
孤立同学,踹,0
孤立同学,蹬,0
孤立同学,挠,0
孤立同学,拿东西怼,0
孤立同学,拿东西砸,0
孤立同学,掐,0
孤立同学,扎,0
孤立同学,推,0
孤立同学,骚扰,0
孤立同学,欺负,0
孤立同学,攻击,0
孤立同学,霸道,0
孤立同学,朝别人吐口水,0
孤立同学,朝同学泼开水,0
孤立同学,用粉笔头丢同学,0
孤立同学,破坏同学东西,0
孤立同学,撞同学,0
孤立同学,向同学扔东西,0
孤立同学,扇耳光,0
孤立同学,划伤,0
孤立同学,身体冲撞,0
孤立同学,殴打,0
孤立同学,打群架,0
孤立同学,推搡同学,0
孤立同学,言语攻击行为,0
孤立同学,嘲笑,0
孤立同学,骂人,0
孤立同学,言语威胁,0
孤立同学,吓唬,0
孤立同学,吵架,0
孤立同学,言语冲撞,0
孤立同学,顶撞,0
孤立同学,吼同学,0
孤立同学,言语恐吓,0
孤立同学,言语挑衅,0
孤立同学,揭短,0
孤立同学,言语凌辱,0
孤立同学,顶嘴,0
孤立同学,责骂,0
孤立同学,取笑,0
孤立同学,说脏话,0
孤立同学,抬杠,0
孤立同学,与父母大吵大闹,0
孤立同学,辱骂,0
孤立同学,起外号,0
孤立同学,嘲讽,0
孤立同学,关系攻击行为,1
孤立同学,诽谤,1
孤立同学,挑衅老师,1
孤立同学,敌视,1
孤立同学,漠视,1
孤立同学,回避,1
孤立同学,敌意,1
孤立同学,与老师对着干,1
孤立同学,摆脸色,1
孤立同学,故意不搭理,1
孤立同学,不听话,1
孤立同学,诋毁,1
孤立同学,对着干,1
孤立同学,说别人坏话,1
孤立同学,捉弄同学,1
孤立同学,说坏话,1
孤立同学,污蔑,1
孤立同学,讽刺,1
孤立同学,诋毁,1
孤立同学,挑拔,1
孤立同学,离间,1
